player_username,trigger_game_id,trigger_timestamp,trigger_opponent_rating,trigger_moves,post_n,baseline_acpl,baseline_winrate,baseline_moves,post_acpl,post_winrate,post_moves,tilt_acpl,tilt_winrate,tilt_moves
AGmedina,cTgGgwDK,1721243494214,2400.0,24,3,31.2,0.55,34.55,20.666666666666668,1.0,42.333333333333336,-10.533333333333331,0.44999999999999996,7.7833333333333385
Alindsay,Xnx8iarG,1762634875260,2507.0,25,3,40.2,0.65,51.1,37.666666666666664,0.3333333333333333,59.666666666666664,-2.5333333333333385,-0.3166666666666667,8.566666666666663
Alindsay,9qUQpqyp,1762635657991,2304.0,48,3,40.2,0.65,51.1,38.666666666666664,0.6666666666666666,41.333333333333336,-1.5333333333333385,0.016666666666666607,-9.766666666666666
Alindsay,OuI9hbmA,1762636367190,2638.0,32,3,40.2,0.65,51.1,24.666666666666668,1.0,41.666666666666664,-15.533333333333335,0.35,-9.433333333333337
Alindsay,jacftYSf,1762637643765,2470.0,30,3,40.2,0.65,51.1,41.333333333333336,0.6666666666666666,61.333333333333336,1.1333333333333329,0.016666666666666607,10.233333333333334
Alindsay,HyH8M7FF,1762643423651,2478.0,42,2,40.2,0.65,51.1,36.0,1.0,51.5,-4.200000000000003,0.35,0.3999999999999986
Anchkaaaaa,oBzQpqWi,1761244347381,2601.0,45,3,29.157894736842106,0.8,39.8,24.0,0.6666666666666666,33.333333333333336,-5.157894736842106,-0.13333333333333341,-6.4666666666666615
Anchkaaaaa,3OFLfKW4,1761244760466,2694.0,37,3,29.157894736842106,0.8,39.8,28.666666666666668,0.6666666666666666,38.333333333333336,-0.49122807017543835,-0.13333333333333341,-1.4666666666666615
Anchkaaaaa,2gc6aDTH,1761245928956,1965.0,52,3,29.157894736842106,0.8,39.8,33.666666666666664,0.6666666666666666,46.333333333333336,4.508771929824558,-0.13333333333333341,6.5333333333333385
ArmQueen,ED7N5uOG,1655237079949,2445.0,39,3,60.25,0.4,41.6,79.0,0.6666666666666666,50.333333333333336,18.75,0.2666666666666666,8.733333333333334
ArmQueen,imFgSj4w,1660236110944,2445.0,46,3,60.25,0.4,41.6,64.33333333333333,1.0,45.333333333333336,4.083333333333329,0.6,3.7333333333333343
ArmQueen,hmRxuAC0,1734161413930,2345.0,30,3,60.25,0.4,41.6,56.666666666666664,0.3333333333333333,46.0,-3.5833333333333357,-0.06666666666666671,4.399999999999999
ArmQueen,C3fBBMNR,1765547572197,2159.0,17,3,60.25,0.4,41.6,52.0,0.3333333333333333,48.333333333333336,-8.25,-0.06666666666666671,6.733333333333334
ArmQueen,DIle3tBM,1765548603767,2174.0,71,3,60.25,0.4,41.6,58.666666666666664,0.3333333333333333,48.666666666666664,-1.5833333333333357,-0.06666666666666671,7.066666666666663
ArmQueen,zFAaMzvF,1765550785766,2422.0,29,1,60.25,0.4,41.6,25.0,0.0,46.0,-35.25,-0.4,4.399999999999999
Banzeus,5MXxkfwV,1700583619302,2472.0,16,3,38.578947368421055,0.5,37.75,42.666666666666664,1.0,48.666666666666664,4.087719298245609,0.5,10.916666666666664
Banzeus,Z3XaMP7H,1700587523247,2505.0,43,3,38.578947368421055,0.5,37.75,27.0,0.3333333333333333,37.666666666666664,-11.578947368421055,-0.16666666666666669,-0.0833333333333357
Banzeus,eNabo2jz,1700589081841,2387.0,30,3,38.578947368421055,0.5,37.75,36.333333333333336,0.3333333333333333,39.333333333333336,-2.245614035087719,-0.16666666666666669,1.5833333333333357
Banzeus,zSD6Wfu1,1700599190061,2315.0,37,3,38.578947368421055,0.5,37.75,51.5,0.6666666666666666,27.333333333333332,12.921052631578945,0.16666666666666663,-10.416666666666668
Briseyda,9ivKfWbF,1697771795408,2118.0,28,3,42.0,0.65,36.35,45.333333333333336,0.6666666666666666,53.0,3.3333333333333357,0.016666666666666607,16.65
Briseyda,WWWyTTEF,1731193168674,1993.0,44,3,42.0,0.65,36.35,31.333333333333332,0.6666666666666666,26.333333333333332,-10.666666666666668,0.016666666666666607,-10.01666666666667
Briseyda,Q2c6wT2Z,1731194143545,2209.0,20,3,42.0,0.65,36.35,45.0,0.6666666666666666,29.666666666666668,3.0,0.016666666666666607,-6.683333333333334
Catherine_Kaslan,nNfLHReT,1742957584965,2032.0,20,3,44.75,0.4,41.6,38.666666666666664,0.3333333333333333,37.666666666666664,-6.083333333333336,-0.06666666666666671,-3.933333333333337
Catherine_Kaslan,5c8d5tPQ,1749322996413,2518.0,29,3,44.75,0.4,41.6,25.666666666666668,0.3333333333333333,46.0,-19.083333333333332,-0.06666666666666671,4.399999999999999
Catherine_Kaslan,VAUn3QR7,1749323514627,2283.0,37,3,44.75,0.4,41.6,37.333333333333336,0.3333333333333333,32.666666666666664,-7.416666666666664,-0.06666666666666671,-8.933333333333337
Catherine_Kaslan,vBfXrlXi,1749324281608,2462.0,29,3,44.75,0.4,41.6,57.666666666666664,0.3333333333333333,32.666666666666664,12.916666666666664,-0.06666666666666671,-8.933333333333337
Catherine_Kaslan,d33accvc,1754770834586,2580.0,44,3,44.75,0.4,41.6,57.0,0.3333333333333333,36.0,12.25,-0.06666666666666671,-5.600000000000001
Catherine_Kaslan,RWAt3Evi,1754771058413,2394.0,20,3,44.75,0.4,41.6,33.0,0.3333333333333333,46.666666666666664,-11.75,-0.06666666666666671,5.066666666666663
Chesssplayer21,wf9NdF8k,1764967931224,2767.0,54,3,35.3,0.7,44.55,16.666666666666668,0.6666666666666666,41.666666666666664,-18.63333333333333,-0.033333333333333326,-2.883333333333333
CyrilMarcelin,4bQkTT4w,1759774735285,2659.0,48,3,24.05,0.7,42.55,16.666666666666668,0.6666666666666666,45.333333333333336,-7.383333333333333,-0.033333333333333326,2.7833333333333385
Dire_Promise,3aAeVMBu,1644922440903,2637.0,26,3,44.421052631578945,0.75,42.75,46.333333333333336,0.6666666666666666,48.666666666666664,1.9122807017543906,-0.08333333333333337,5.916666666666664
Dire_Promise,VZQMjDZ4,1644923146706,2838.0,38,3,44.421052631578945,0.75,42.75,41.666666666666664,0.6666666666666666,60.333333333333336,-2.754385964912281,-0.08333333333333337,17.583333333333336
Dire_Promise,CWyg97Tg,1645192268627,2672.0,41,3,44.421052631578945,0.75,42.75,35.666666666666664,1.0,49.333333333333336,-8.75438596491228,0.25,6.583333333333336
Dire_Promise,v4y8SwOb,1699154611511,,10,1,44.421052631578945,0.75,42.75,71.0,1.0,60.0,26.578947368421055,0.25,17.25
Edogawayan,tYq7qnWQ,1720295711649,2392.0,37,3,32.5,0.7,39.05,26.0,0.6666666666666666,53.0,-6.5,-0.033333333333333326,13.950000000000003
Edogawayan,jr9wY8XM,1729440036747,2324.0,58,3,32.5,0.7,39.05,33.5,1.0,39.0,1.0,0.30000000000000004,-0.04999999999999716
Ermito,pAzIearT,1743621529525,1500.0,39,3,29.647058823529413,0.7,37.95,15.333333333333334,1.0,51.333333333333336,-14.313725490196079,0.30000000000000004,13.383333333333333
Ermito,LIwo1KGT,1762727249377,2257.0,35,2,29.647058823529413,0.7,37.95,32.0,1.0,38.5,2.352941176470587,0.30000000000000004,0.5499999999999972
FunnyBlani,TXgYTA4m,1752348162417,2574.0,25,3,47.6,0.3,45.4,64.33333333333333,0.0,55.666666666666664,16.733333333333327,-0.3,10.266666666666666
FunnyBlani,fCVQau7R,1752349066202,2389.0,22,3,47.6,0.3,45.4,43.333333333333336,0.0,54.0,-4.266666666666666,-0.3,8.600000000000001
FunnyBlani,EJ57BClN,1752349794130,2164.0,22,2,47.6,0.3,45.4,45.0,0.0,34.5,-2.6000000000000014,-0.3,-10.899999999999999
HakanTooGood,KjXSVX4v,1758540705530,2582.0,23,3,42.6,0.7,35.7,37.333333333333336,0.3333333333333333,30.0,-5.266666666666666,-0.36666666666666664,-5.700000000000003
HakanTooGood,DbwJVlbq,1758540893843,2587.0,31,3,42.6,0.7,35.7,26.333333333333332,0.6666666666666666,29.666666666666668,-16.26666666666667,-0.033333333333333326,-6.033333333333335
HakanTooGood,RfwXjURb,1759077185774,2279.0,40,3,42.6,0.7,35.7,29.0,1.0,45.0,-13.600000000000001,0.30000000000000004,9.299999999999997
HakanTooGood,bUbhWMSK,1759082836896,2168.0,12,1,42.6,0.7,35.7,52.0,0.0,35.0,9.399999999999999,-0.7,-0.7000000000000028
Heinza9,yEw75KSl,1739474830471,2010.0,57,3,37.65,0.7,38.35,21.333333333333332,1.0,32.0,-16.316666666666666,0.30000000000000004,-6.350000000000001
Heinza9,zXrfoUGs,1739476592863,2024.0,69,3,37.65,0.7,38.35,29.0,1.0,27.666666666666668,-8.649999999999999,0.30000000000000004,-10.683333333333334
Homino,Mku7xhfl,1765567131136,2554.0,28,3,35.1,0.25,43.4,37.333333333333336,0.3333333333333333,54.333333333333336,2.2333333333333343,0.08333333333333331,10.933333333333337
Homino,JblyWb8g,1765620596085,2435.0,44,3,35.1,0.25,43.4,41.333333333333336,0.0,44.333333333333336,6.233333333333334,-0.25,0.9333333333333371
Homino,NYI4pP5P,1765621123645,2439.0,33,3,35.1,0.25,43.4,36.333333333333336,0.3333333333333333,41.333333333333336,1.2333333333333343,0.08333333333333331,-2.066666666666663
Homino,uXOkV15J,1765636158183,2461.0,46,3,35.1,0.25,43.4,35.666666666666664,0.6666666666666666,43.0,0.5666666666666629,0.41666666666666663,-0.3999999999999986
Homino,vmIH86Mn,1765701528002,2375.0,35,3,35.1,0.25,43.4,47.666666666666664,0.3333333333333333,38.0,12.566666666666663,0.08333333333333331,-5.399999999999999
Homino,mtaKOouG,1765737596710,2356.0,54,2,35.1,0.25,43.4,23.5,0.0,63.0,-11.600000000000001,-0.25,19.6
Jemimapaulo2007,NqGtEuhd,1765636815140,2108.0,32,3,41.05,0.65,35.6,66.0,0.6666666666666666,39.333333333333336,24.950000000000003,0.016666666666666607,3.7333333333333343
Jemimapaulo2007,Y55OpJkK,1765642122222,1977.0,56,3,41.05,0.65,35.6,24.333333333333332,1.0,37.333333333333336,-16.716666666666665,0.35,1.7333333333333343
Kacparov,H6Qf6F2E,1761696147306,2700.0,34,3,30.6,0.65,50.45,27.666666666666668,0.3333333333333333,65.0,-2.9333333333333336,-0.3166666666666667,14.549999999999997
Kacparov,txXiBbrO,1762295301081,2896.0,59,3,30.6,0.65,50.45,27.666666666666668,0.6666666666666666,61.0,-2.9333333333333336,0.016666666666666607,10.549999999999997
Kacparov,t69RLOFJ,1762905350785,2623.0,61,3,30.6,0.65,50.45,44.333333333333336,1.0,41.333333333333336,13.733333333333334,0.35,-9.116666666666667
Kacparov,7gcfv9qP,1765316771925,2783.0,48,3,30.6,0.65,50.45,41.333333333333336,0.3333333333333333,51.666666666666664,10.733333333333334,-0.3166666666666667,1.2166666666666615
Karttunen,9vpspRPE,1746005510781,2819.0,47,3,33.55,0.6,44.75,29.0,0.3333333333333333,37.333333333333336,-4.549999999999997,-0.26666666666666666,-7.416666666666664
Karttunen,XC4sBRQU,1746005855430,2823.0,57,3,33.55,0.6,44.75,40.333333333333336,0.6666666666666666,38.0,6.7833333333333385,0.06666666666666665,-6.75
Karttunen,IDjsfuos,1746006221467,2828.0,20,3,33.55,0.6,44.75,33.666666666666664,1.0,49.333333333333336,0.11666666666666714,0.4,4.583333333333336
Karttunen,iDaXujPW,1746008728943,2700.0,28,3,33.55,0.6,44.75,29.0,1.0,53.0,-4.549999999999997,0.4,8.25
Karttunen,os5EpUk0,1746106661081,2501.0,38,2,33.55,0.6,44.75,39.0,0.5,50.5,5.450000000000003,-0.09999999999999998,5.75
Karttunen,hMvlFuJp,1746107003479,2515.0,38,1,33.55,0.6,44.75,41.0,1.0,63.0,7.450000000000003,0.4,18.25
Keti_Tsatsalashvili,Hupb9KkT,1729601807486,2421.0,28,2,34.8125,0.65,41.2,48.0,0.0,68.0,13.1875,-0.65,26.799999999999997
Krestik,ADQg1VnJ,1758737972597,,38,3,19.0,0.55,38.0,,0.3333333333333333,30.0,,-0.21666666666666673,-8.0
Krestik,dSOe6wUn,1759058523936,,34,3,19.0,0.55,38.0,,0.6666666666666666,50.333333333333336,,0.11666666666666659,12.333333333333336
Krestik,SApdwTBR,1759061245659,,41,3,19.0,0.55,38.0,22.0,1.0,27.666666666666668,3.0,0.44999999999999996,-10.333333333333332
Krestoman,WnQnXzPN,1747060051290,2523.0,36,3,29.5,0.55,36.4,38.0,0.3333333333333333,25.333333333333332,8.5,-0.21666666666666673,-11.066666666666666
Krestoman,WiZEsAgv,1754234001701,1084.0,0,3,29.5,0.55,36.4,22.666666666666668,0.6666666666666666,46.333333333333336,-6.833333333333332,0.11666666666666659,9.933333333333337
Krestoman,UeDskArh,1764961537869,2802.0,40,3,29.5,0.55,36.4,32.0,0.6666666666666666,36.0,2.5,0.11666666666666659,-0.3999999999999986
Krestoman,XWBiRKYw,1764961809740,2657.0,28,3,29.5,0.55,36.4,16.666666666666668,1.0,39.333333333333336,-12.833333333333332,0.44999999999999996,2.933333333333337
Lukianoo,woLCQVPx,1752089044806,2686.0,27,3,26.9,0.5,43.65,25.0,0.6666666666666666,52.333333333333336,-1.8999999999999986,0.16666666666666663,8.683333333333337
Lukianoo,OKs44o39,1752348020447,2853.0,36,3,26.9,0.5,43.65,23.333333333333332,0.3333333333333333,31.666666666666668,-3.5666666666666664,-0.16666666666666669,-11.98333333333333
Lukianoo,Zog8v1lw,1752567184065,2752.0,22,3,26.9,0.5,43.65,21.666666666666668,0.3333333333333333,43.333333333333336,-5.233333333333331,-0.16666666666666669,-0.3166666666666629
Lukianoo,lU2WFowe,1752781349191,2995.0,46,3,26.9,0.5,43.65,30.333333333333332,0.6666666666666666,31.0,3.4333333333333336,0.16666666666666663,-12.649999999999999
Lukianoo,4Zewn2v6,1752781640816,2998.0,33,3,26.9,0.5,43.65,14.333333333333334,1.0,31.333333333333332,-12.566666666666665,0.5,-12.316666666666666
Lukianoo,7fbJaIiy,1754222314010,2785.0,27,3,26.9,0.5,43.65,10.0,1.0,53.0,-16.9,0.5,9.350000000000001
Magic_Chess_by,VqQ4sPF2,1746988884842,2478.0,28,3,48.75,0.5,49.15,44.666666666666664,0.6666666666666666,69.33333333333333,-4.083333333333336,0.16666666666666663,20.18333333333333
Magic_Chess_by,NJ0eFqEv,1746990600766,2287.0,34,3,48.75,0.5,49.15,30.333333333333332,0.3333333333333333,55.0,-18.416666666666668,-0.16666666666666669,5.850000000000001
Magic_Chess_by,JO3JxvIs,1746991035773,2290.0,34,3,48.75,0.5,49.15,33.666666666666664,0.3333333333333333,44.666666666666664,-15.083333333333336,-0.16666666666666669,-4.483333333333334
Mahan_83,jIT12pKz,1753731160485,2060.0,63,3,44.25,0.6,36.85,58.0,0.3333333333333333,26.666666666666668,13.75,-0.26666666666666666,-10.183333333333334
Mahan_83,TzXhYLyC,1753731491441,2398.0,31,3,44.25,0.6,36.85,55.333333333333336,0.6666666666666666,33.666666666666664,11.083333333333336,0.06666666666666665,-3.183333333333337
Mahan_83,FhFp8MWJ,1753732545272,2401.0,24,1,44.25,0.6,36.85,9.0,1.0,19.0,-35.25,0.4,-17.85
MattyDPerrine,43nmbbNz,1632534666993,2685.0,38,3,45.05,0.35,43.6,38.333333333333336,0.0,63.666666666666664,-6.7166666666666615,-0.35,20.066666666666663
MattyDPerrine,a2peEfh1,1639325790081,2874.0,46,3,45.05,0.35,43.6,35.666666666666664,0.0,33.0,-9.383333333333333,-0.35,-10.600000000000001
MattyDPerrine,xFuQ7tpk,1639327701692,2588.0,51,3,45.05,0.35,43.6,39.0,1.0,31.666666666666668,-6.049999999999997,0.65,-11.933333333333334
MattyDPerrine,GaaFmx6A,1668355202332,2446.0,26,1,45.05,0.35,43.6,29.0,0.0,38.0,-16.049999999999997,-0.35,-5.600000000000001
Mezioud-Amina88,O9Nei5XR,1694916462814,1633.0,28,3,57.2,0.6,29.9,43.333333333333336,0.6666666666666666,27.0,-13.866666666666667,0.06666666666666665,-2.8999999999999986
Mezioud-Amina88,c4RZ6mWC,1694987004319,1564.0,30,3,57.2,0.6,29.9,37.0,1.0,27.0,-20.200000000000003,0.4,-2.8999999999999986
Mezioud-Amina88,qdyKXzBe,1695212559283,1489.0,34,3,57.2,0.6,29.9,56.666666666666664,0.6666666666666666,32.333333333333336,-0.5333333333333385,0.06666666666666665,2.433333333333337
MrSuccess,n50G8RKj,1760214486849,2613.0,23,3,30.95,0.65,27.5,32.333333333333336,1.0,27.666666666666668,1.3833333333333364,0.35,0.16666666666666785
MrSuccess,vhf16YSo,1764747071237,2493.0,13,3,30.95,0.65,27.5,37.0,0.3333333333333333,23.333333333333332,6.050000000000001,-0.3166666666666667,-4.166666666666668
MrSuccess,xceDIipF,1764747819256,2488.0,25,3,30.95,0.65,27.5,29.0,0.0,29.333333333333332,-1.9499999999999993,-0.65,1.8333333333333321
MrSuccess,oAsOVPvX,1764748161375,2427.0,19,3,30.95,0.65,27.5,19.333333333333332,0.3333333333333333,27.666666666666668,-11.616666666666667,-0.3166666666666667,0.16666666666666785
MrSuccess,B2QWAoFV,1764748489523,2424.0,32,3,30.95,0.65,27.5,13.333333333333334,0.6666666666666666,23.0,-17.616666666666667,0.016666666666666607,-4.5
NguyenDucHoa,AfCpiJiL,1754768088358,2741.0,45,3,37.45,0.6,46.6,38.0,0.6666666666666666,55.666666666666664,0.5499999999999972,0.06666666666666665,9.066666666666663
NguyenDucHoa,qpDh4OPH,1754772900564,2500.0,18,1,37.45,0.6,46.6,39.0,0.0,54.0,1.5499999999999972,-0.6,7.399999999999999
Ninely,RGam9TOw,1753541497092,2408.0,52,3,46.9,0.45,36.35,95.33333333333333,0.0,26.333333333333332,48.43333333333333,-0.45,-10.01666666666667
Ninely,T0lUHzxM,1753961588706,2417.0,4,3,46.9,0.45,36.35,46.666666666666664,0.3333333333333333,43.666666666666664,-0.23333333333333428,-0.1166666666666667,7.316666666666663
Ninely,1vXPMqcG,1753961636401,2424.0,40,3,46.9,0.45,36.35,40.666666666666664,0.6666666666666666,40.0,-6.233333333333334,0.21666666666666662,3.6499999999999986
Ninely,Sb0ukKPU,1755121381287,2634.0,35,3,46.9,0.45,36.35,46.666666666666664,0.6666666666666666,32.666666666666664,-0.23333333333333428,0.21666666666666662,-3.683333333333337
Ninely,a20bdGUN,1761657309850,2440.0,13,3,46.9,0.45,36.35,38.333333333333336,0.6666666666666666,36.333333333333336,-8.566666666666663,0.21666666666666662,-0.01666666666666572
OhanyanEminChess,dXMW15Gy,1763672823753,2492.0,40,3,32.2,0.5,47.95,41.333333333333336,0.3333333333333333,53.666666666666664,9.133333333333333,-0.16666666666666669,5.7166666666666615
OhanyanEminChess,7exVmrDy,1763673561409,2671.0,35,3,32.2,0.5,47.95,35.0,0.3333333333333333,65.0,2.799999999999997,-0.16666666666666669,17.049999999999997
OhanyanEminChess,3x6rq2Ow,1763673717513,2813.0,34,3,32.2,0.5,47.95,26.333333333333332,0.3333333333333333,68.0,-5.866666666666671,-0.16666666666666669,20.049999999999997
OhanyanEminChess,1bd4qvyF,1763674554003,2782.0,48,3,32.2,0.5,47.95,20.666666666666668,1.0,44.333333333333336,-11.533333333333335,0.5,-3.616666666666667
Patagonico2020,z4yFDZaw,1749517557701,2417.0,53,3,54.9,0.4,41.45,34.666666666666664,0.6666666666666666,33.333333333333336,-20.233333333333334,0.2666666666666666,-8.116666666666667
Patagonico2020,Crkgy28t,1751131202887,2305.0,22,3,54.9,0.4,41.45,44.666666666666664,0.0,50.0,-10.233333333333334,-0.4,8.549999999999997
Patagonico2020,g49mgMYj,1761353775917,2187.0,47,3,54.9,0.4,41.45,48.0,0.6666666666666666,32.333333333333336,-6.899999999999999,0.2666666666666666,-9.116666666666667
Prniiian_ghomi,G7TwfLDk,1755450169367,2423.0,55,3,33.31578947368421,0.65,31.75,21.333333333333332,1.0,40.0,-11.98245614035088,0.35,8.25
Prniiian_ghomi,8Rd4xXrp,1755452006566,1917.0,34,3,33.31578947368421,0.65,31.75,39.333333333333336,0.6666666666666666,32.333333333333336,6.017543859649123,0.016666666666666607,0.5833333333333357
Prniiian_ghomi,Y0BbxhFN,1755452309218,2397.0,33,3,33.31578947368421,0.65,31.75,27.0,0.6666666666666666,21.333333333333332,-6.315789473684212,0.016666666666666607,-10.416666666666668
Rachel2070,3Dz93RVq,1667591777036,2077.0,59,3,43.64705882352941,0.25,29.9,34.666666666666664,0.3333333333333333,36.666666666666664,-8.980392156862749,0.08333333333333331,6.766666666666666
Rachel2070,cWLJ8X18,1667592532552,2071.0,44,3,43.64705882352941,0.25,29.9,27.0,0.6666666666666666,30.333333333333332,-16.647058823529413,0.41666666666666663,0.43333333333333357
Rachel2070,gyRKQSvH,1712462818674,2046.0,1,3,43.64705882352941,0.25,29.9,26.333333333333332,0.3333333333333333,27.0,-17.31372549019608,0.08333333333333331,-2.8999999999999986
Rachel2070,rUBaeIZM,1746910181938,2430.0,25,3,43.64705882352941,0.25,29.9,36.333333333333336,0.3333333333333333,25.666666666666668,-7.313725490196077,0.08333333333333331,-4.233333333333331
Rachel2070,TWkC54a4,1746911851990,2526.0,21,3,43.64705882352941,0.25,29.9,32.5,0.3333333333333333,27.333333333333332,-11.147058823529413,0.08333333333333331,-2.5666666666666664
Rachel2070,D23xDRW2,1746912394915,2265.0,0,3,43.64705882352941,0.25,29.9,39.333333333333336,0.3333333333333333,44.333333333333336,-4.313725490196077,0.08333333333333331,14.433333333333337
Rachel2070,1dvbwivL,1746913368866,1999.0,43,3,43.64705882352941,0.25,29.9,52.0,0.0,24.0,8.352941176470587,-0.25,-5.899999999999999
Rachel2070,LKEmWWVs,1746913656279,2369.0,43,2,43.64705882352941,0.25,29.9,69.0,0.0,14.5,25.352941176470587,-0.25,-15.399999999999999
Roman2001,QE2HG9DD,1759944868794,2291.0,38,3,30.95,0.45,34.0,36.0,0.6666666666666666,37.666666666666664,5.050000000000001,0.21666666666666662,3.6666666666666643
Roman2001,fsa8SF3X,1760549279794,2266.0,49,3,30.95,0.45,34.0,32.0,0.3333333333333333,31.0,1.0500000000000007,-0.1166666666666667,-3.0
Roman2001,FUj3Q5j5,1760549850695,2313.0,45,3,30.95,0.45,34.0,29.0,0.3333333333333333,27.0,-1.9499999999999993,-0.1166666666666667,-7.0
Roman2001,rWhvUHHQ,1761154634018,2161.0,30,3,30.95,0.45,34.0,41.666666666666664,0.0,30.333333333333332,10.716666666666665,-0.45,-3.666666666666668
Roman2001,E12JAsMd,1762365622325,2419.0,33,3,30.95,0.45,34.0,37.333333333333336,0.3333333333333333,32.666666666666664,6.383333333333336,-0.1166666666666667,-1.3333333333333357
Roman2001,LaSacWzr,1762365964168,2304.0,40,3,30.95,0.45,34.0,28.0,0.6666666666666666,27.0,-2.9499999999999993,0.21666666666666662,-7.0
Roman2001,V23hHHWC,1762366699755,2311.0,18,3,30.95,0.45,34.0,16.333333333333332,0.6666666666666666,33.666666666666664,-14.616666666666667,0.21666666666666662,-0.3333333333333357
Roman2001,mJdXiwdA,1763279240139,2285.0,50,3,30.95,0.45,34.0,27.666666666666668,0.3333333333333333,30.0,-3.2833333333333314,-0.1166666666666667,-4.0
Roman2001,bVBC3d0q,1764093985710,2254.0,43,2,30.95,0.45,34.0,21.0,0.5,23.5,-9.95,0.04999999999999999,-10.5
Roman2001,gAH6jtag,1764164062762,2301.0,25,1,30.95,0.45,34.0,10.0,1.0,22.0,-20.95,0.55,-12.0
Rsmon54Terrible,ORxsOngQ,1765130136404,2377.0,41,3,30.38888888888889,0.7,32.35,37.666666666666664,0.6666666666666666,36.0,7.277777777777775,-0.033333333333333326,3.6499999999999986
Rsmon54Terrible,imNAPaMI,1765483158877,2160.0,34,3,30.38888888888889,0.7,32.35,27.666666666666668,1.0,32.666666666666664,-2.7222222222222214,0.30000000000000004,0.3166666666666629
Rsmon54Terrible,o4Os5tFq,1765485374732,2545.0,15,3,30.38888888888889,0.7,32.35,26.333333333333332,1.0,31.0,-4.055555555555557,0.30000000000000004,-1.3500000000000014
Rsmon54Terrible,BditHAh6,1765555229701,2587.0,50,3,30.38888888888889,0.7,32.35,21.0,0.3333333333333333,26.0,-9.38888888888889,-0.36666666666666664,-6.350000000000001
Rsmon54Terrible,DrvNL6f4,1765555837513,2468.0,41,1,30.38888888888889,0.7,32.35,,0.0,0.0,,-0.7,-32.35
Rybka89,PNTiRbCC,1755724861753,2452.0,20,3,26.95,0.6,36.0,26.333333333333332,0.6666666666666666,35.333333333333336,-0.6166666666666671,0.06666666666666665,-0.6666666666666643
Rybka89,F00cLIbl,1755725385500,1862.0,42,3,26.95,0.6,36.0,17.0,0.6666666666666666,31.333333333333332,-9.95,0.06666666666666665,-4.666666666666668
ShantiNurAbidahWIM,CyfuHGpr,1719664930418,2216.0,50,3,29.6,0.8,41.3,41.333333333333336,0.3333333333333333,45.0,11.733333333333334,-0.46666666666666673,3.700000000000003
ShantiNurAbidahWIM,LlBMtXVo,1719665243553,2285.0,35,3,29.6,0.8,41.3,36.0,0.6666666666666666,45.666666666666664,6.399999999999999,-0.13333333333333341,4.366666666666667
SiranAND,RODbszVY,1765496607171,2374.0,27,3,41.1,0.5,41.55,38.0,0.6666666666666666,56.333333333333336,-3.1000000000000014,0.16666666666666663,14.783333333333339
SiranAND,I0wuRGJv,1765553324544,2253.0,34,3,41.1,0.5,41.55,56.333333333333336,0.0,52.666666666666664,15.233333333333334,-0.5,11.116666666666667
SiranAND,JtBSoclQ,1765577616136,2391.0,69,3,41.1,0.5,41.55,33.666666666666664,0.6666666666666666,48.0,-7.433333333333337,0.16666666666666663,6.450000000000003
SiranAND,HZZh3kkf,1765580793070,2319.0,54,3,41.1,0.5,41.55,43.0,0.3333333333333333,29.333333333333332,1.8999999999999986,-0.16666666666666669,-12.216666666666665
SiranAND,jflTcE4u,1765637562715,2175.0,18,3,41.1,0.5,41.55,50.0,0.6666666666666666,39.666666666666664,8.899999999999999,0.16666666666666663,-1.8833333333333329
SiranAND,YP8ThoJc,1765752702483,2247.0,33,1,41.1,0.5,41.55,42.0,1.0,23.0,0.8999999999999986,0.5,-18.549999999999997
SophieN,rw7j0dHr,1709910590752,2229.0,38,3,44.55555555555556,0.55,28.85,40.666666666666664,1.0,30.666666666666668,-3.888888888888893,0.44999999999999996,1.8166666666666664
SophieN,hZIqOw4X,1741354058844,2257.0,22,3,44.55555555555556,0.55,28.85,31.5,0.3333333333333333,14.0,-13.055555555555557,-0.21666666666666673,-14.850000000000001
Souky71,xtAb7wN9,1764695068987,2144.0,36,3,34.4,0.45,35.9,37.666666666666664,0.6666666666666666,29.666666666666668,3.2666666666666657,0.21666666666666662,-6.233333333333331
Souky71,09rwXi4A,1765227554381,2090.0,40,3,34.4,0.45,35.9,25.0,0.3333333333333333,28.333333333333332,-9.399999999999999,-0.1166666666666667,-7.566666666666666
Souky71,x5GO1eH7,1765815697866,2176.0,36,2,34.4,0.45,35.9,35.0,0.5,30.0,0.6000000000000014,0.04999999999999999,-5.899999999999999
Tashik,NSO0lUyI,1593968500201,2438.0,60,3,71.0,0.25,38.85,,0.6666666666666666,29.666666666666668,,0.41666666666666663,-9.183333333333334
Tashik,C4oID6OY,1593969056723,2111.0,29,3,71.0,0.25,38.85,,0.0,64.0,,-0.25,25.15
Tashik,bEe4drZv,1593970335113,2330.0,32,3,71.0,0.25,38.85,,0.0,28.0,,-0.25,-10.850000000000001
Tashik,Z5FBM2jh,1593970620692,2226.0,17,3,71.0,0.25,38.85,,0.3333333333333333,24.333333333333332,,0.08333333333333331,-14.51666666666667
Tashik,0ask9WA9,1593970775625,2440.0,41,3,71.0,0.25,38.85,,0.6666666666666666,27.0,,0.41666666666666663,-11.850000000000001
Tashik,dchhz0wt,1593971509133,2033.0,17,3,71.0,0.25,38.85,71.0,0.3333333333333333,44.666666666666664,0.0,0.08333333333333331,5.816666666666663
Tashik,RwtWYDtr,1593971580949,2164.0,22,2,71.0,0.25,38.85,71.0,0.5,56.0,0.0,0.25,17.15
Tenamu,BeZTLHyD,1615060823066,2724.0,51,3,59.0625,0.35,37.65,48.0,0.3333333333333333,40.0,-11.0625,-0.016666666666666663,2.3500000000000014
Tenamu,ydqNPTNx,1615061048342,2480.0,37,3,59.0625,0.35,37.65,45.5,0.6666666666666666,48.333333333333336,-13.5625,0.31666666666666665,10.683333333333337
Tenamu,dzmlXnIL,1615061321565,2463.0,41,3,59.0625,0.35,37.65,34.666666666666664,1.0,41.666666666666664,-24.395833333333336,0.65,4.016666666666666
Tenamu,X4tCZlbh,1628363323489,3112.0,25,3,59.0625,0.35,37.65,90.33333333333333,0.0,26.666666666666668,31.27083333333333,-0.35,-10.98333333333333
Tenamu,OIb0hZKz,1628363520258,2793.0,19,3,59.0625,0.35,37.65,59.333333333333336,0.3333333333333333,23.666666666666668,0.2708333333333357,-0.016666666666666663,-13.98333333333333
Tenamu,tcSBKdip,1628363690743,2592.0,15,3,59.0625,0.35,37.65,57.666666666666664,0.3333333333333333,30.333333333333332,-1.3958333333333357,-0.016666666666666663,-7.316666666666666
Tenamu,10151MiS,1628364141242,3115.0,35,3,59.0625,0.35,37.65,60.0,0.0,59.666666666666664,0.9375,-0.35,22.016666666666666
Tenamu,OeIbI92O,1628364873924,2807.0,63,3,59.0625,0.35,37.65,56.666666666666664,0.6666666666666666,35.0,-2.3958333333333357,0.31666666666666665,-2.6499999999999986
Tenamu,N9g92WS7,1628365080091,2816.0,30,3,59.0625,0.35,37.65,59.0,0.6666666666666666,35.666666666666664,-0.0625,0.31666666666666665,-1.9833333333333343
Vanellope04,aaHtIQJl,1759886916297,2421.0,32,3,38.95,0.45,38.5,53.333333333333336,0.3333333333333333,23.0,14.383333333333333,-0.1166666666666667,-15.5
Vanellope04,3rPlbSnc,1760213710550,2574.0,20,3,38.95,0.45,38.5,25.333333333333332,0.6666666666666666,40.0,-13.61666666666667,0.21666666666666662,1.5
Vanellope04,1OowelJb,1764243452099,2248.0,13,3,38.95,0.45,38.5,26.0,1.0,58.333333333333336,-12.950000000000003,0.55,19.833333333333336
Velis_23,8wBAvyAw,1735237065210,2543.0,51,3,36.55,0.55,43.75,34.333333333333336,0.6666666666666666,40.666666666666664,-2.2166666666666615,0.11666666666666659,-3.0833333333333357
Velis_23,Htjj9KfB,1736407128932,2367.0,38,3,36.55,0.55,43.75,25.666666666666668,0.6666666666666666,43.333333333333336,-10.88333333333333,0.11666666666666659,-0.4166666666666643
ViciousKnight30,Tk0IO2Fj,1637425661832,1945.0,40,3,59.470588235294116,0.6,41.1,49.666666666666664,0.6666666666666666,34.0,-9.803921568627452,0.06666666666666665,-7.100000000000001
Warrior_5,wOOyKKEu,1660162709036,2472.0,40,3,45.6,0.75,39.95,53.0,0.6666666666666666,49.333333333333336,7.399999999999999,-0.08333333333333337,9.383333333333333
Warrior_5,ejQh3w9B,1692817202590,2504.0,58,3,45.6,0.75,39.95,58.0,1.0,38.0,12.399999999999999,0.25,-1.9500000000000028
ZZZaaa1,8LCXVjH0,1748099744725,2447.0,29,3,33.9,0.6,43.05,49.0,0.6666666666666666,45.333333333333336,15.100000000000001,0.06666666666666665,2.2833333333333385
ZZZaaa1,eWCsRcxp,1748100786976,2661.0,40,3,33.9,0.6,43.05,16.333333333333332,0.6666666666666666,57.666666666666664,-17.566666666666666,0.06666666666666665,14.616666666666667
andy_rekt,9q0TRFur,1741643852935,2425.0,31,3,36.88235294117647,0.55,26.3,45.0,0.3333333333333333,21.666666666666668,8.117647058823529,-0.21666666666666673,-4.633333333333333
andy_rekt,hS3JlEVl,1743167794678,2512.0,29,3,36.88235294117647,0.55,26.3,41.0,0.3333333333333333,20.333333333333332,4.117647058823529,-0.21666666666666673,-5.966666666666669
andy_rekt,E6imeMlh,1757757049376,2397.0,35,3,36.88235294117647,0.55,26.3,12.5,0.6666666666666666,12.0,-24.38235294117647,0.11666666666666659,-14.3
andy_rekt,3CTvDOLI,1757896534707,2421.0,25,1,36.88235294117647,0.55,26.3,64.0,0.0,31.0,27.11764705882353,-0.55,4.699999999999999
anna-maja,0j77Dytf,1620507677072,2246.0,36,3,54.15,0.5,38.15,62.0,0.6666666666666666,36.666666666666664,7.850000000000001,0.16666666666666663,-1.4833333333333343
anna-maja,Ere0CSnk,1620507985170,2668.0,30,3,54.15,0.5,38.15,50.0,0.6666666666666666,41.0,-4.149999999999999,0.16666666666666663,2.8500000000000014
anna-maja,6SHv81P9,1620509324223,2451.0,29,3,54.15,0.5,38.15,39.333333333333336,1.0,41.0,-14.816666666666663,0.5,2.8500000000000014
anna-maja,rpi4yJfI,1620510530131,2408.0,39,3,54.15,0.5,38.15,42.666666666666664,0.3333333333333333,39.333333333333336,-11.483333333333334,-0.16666666666666669,1.1833333333333371
anna-maja,QgTBsn69,1620510734446,2395.0,30,3,54.15,0.5,38.15,52.333333333333336,0.3333333333333333,45.666666666666664,-1.8166666666666629,-0.16666666666666669,7.516666666666666
athemm,pEiQKXoP,1760990401141,2284.0,25,3,35.63157894736842,0.5,29.9,34.0,0.6666666666666666,29.666666666666668,-1.6315789473684177,0.16666666666666663,-0.23333333333333073
athemm,u9pAypUF,1760990812272,2279.0,39,3,35.63157894736842,0.5,29.9,37.0,0.6666666666666666,29.666666666666668,1.3684210526315823,0.16666666666666663,-0.23333333333333073
athemm,LP9oc0mJ,1760991072487,2684.0,23,3,35.63157894736842,0.5,29.9,37.0,0.6666666666666666,36.333333333333336,1.3684210526315823,0.16666666666666663,6.433333333333337
athemm,NLGLrQMx,1760991896666,2620.0,43,3,35.63157894736842,0.5,29.9,39.333333333333336,0.3333333333333333,32.666666666666664,3.701754385964918,-0.16666666666666669,2.7666666666666657
athemm,YmSuhEtx,1760992200827,2691.0,49,3,35.63157894736842,0.5,29.9,61.333333333333336,0.0,32.0,25.701754385964918,-0.5,2.1000000000000014
athemm,wPWEqAEA,1760992462863,2161.0,24,3,35.63157894736842,0.5,29.9,41.666666666666664,0.3333333333333333,25.333333333333332,6.035087719298247,-0.16666666666666669,-4.566666666666666
athemm,0caJFzJX,1760992649693,2545.0,46,3,35.63157894736842,0.5,29.9,37.666666666666664,0.6666666666666666,22.0,2.0350877192982466,0.16666666666666663,-7.899999999999999
athemm,UgNNfC0F,1760992948212,2187.0,26,3,35.63157894736842,0.5,29.9,29.666666666666668,0.6666666666666666,26.333333333333332,-5.96491228070175,0.16666666666666663,-3.5666666666666664
bdr2002,xdvBE5ld,1521849601809,2066.0,53,3,36.5,0.5,35.3,31.0,1.0,37.0,-5.5,0.5,1.7000000000000028
bdr2002,XnwCILLC,1587069316294,2125.0,26,3,36.5,0.5,35.3,,0.6666666666666666,36.333333333333336,,0.16666666666666663,1.0333333333333385
bdr2002,dLuOOQv7,1587071830148,2129.0,55,3,36.5,0.5,35.3,,1.0,32.666666666666664,,0.5,-2.633333333333333
bdr2002,jpTBhlAi,1587596698689,2185.0,29,3,36.5,0.5,35.3,,0.6666666666666666,26.0,,0.16666666666666663,-9.299999999999997
bdr2002,KE0V9KDk,1587737061104,2282.0,24,3,36.5,0.5,35.3,39.5,0.6666666666666666,36.0,3.0,0.16666666666666663,0.7000000000000028
camivette,tP7KiycG,1763642645238,2035.0,26,3,33.888888888888886,0.6,25.4,31.666666666666668,1.0,28.333333333333332,-2.222222222222218,0.4,2.9333333333333336
camivette,rOLQLC8z,1763673049739,1980.0,33,3,33.888888888888886,0.6,25.4,30.0,0.3333333333333333,12.333333333333334,-3.8888888888888857,-0.26666666666666666,-13.066666666666665
camivette,bNpaok38,1763928370069,2224.0,20,3,33.888888888888886,0.6,25.4,28.0,0.6666666666666666,36.666666666666664,-5.888888888888886,0.06666666666666665,11.266666666666666
camivette,l9REfiNG,1763929096597,2021.0,43,3,33.888888888888886,0.6,25.4,25.666666666666668,0.6666666666666666,14.666666666666666,-8.222222222222218,0.06666666666666665,-10.733333333333333
camivette,ZJ5YEWbj,1763929473990,2522.0,18,2,33.888888888888886,0.6,25.4,10.5,1.0,13.0,-23.388888888888886,0.4,-12.399999999999999
champion64,njfjoqTD,1762717265748,2396.0,38,3,33.4,0.5,39.5,38.666666666666664,0.3333333333333333,41.333333333333336,5.266666666666666,-0.16666666666666669,1.8333333333333357
champion64,eQFAOPmr,1763800383046,2215.0,33,3,33.4,0.5,39.5,33.0,0.6666666666666666,38.0,-0.3999999999999986,0.16666666666666663,-1.5
champion64,0Nsybcbp,1763800980640,2466.0,30,3,33.4,0.5,39.5,41.0,1.0,34.666666666666664,7.600000000000001,0.5,-4.833333333333336
champion64,DDpMo13D,1764965156061,2250.0,43,3,33.4,0.5,39.5,21.666666666666668,0.3333333333333333,40.333333333333336,-11.73333333333333,-0.16666666666666669,0.8333333333333357
champion64,JgTDuQv0,1764965952319,2319.0,18,3,33.4,0.5,39.5,25.666666666666668,0.3333333333333333,63.666666666666664,-7.733333333333331,-0.16666666666666669,24.166666666666664
chess_is_wonder,JkwVKQyh,1764441216628,2294.0,16,3,24.9,0.85,32.35,21.333333333333332,1.0,48.0,-3.5666666666666664,0.15000000000000002,15.649999999999999
chess_is_wonder,7LA4Da6E,1765258130734,2547.0,26,3,24.9,0.85,32.35,29.0,0.6666666666666666,31.333333333333332,4.100000000000001,-0.18333333333333335,-1.0166666666666693
chessbrahs,T4OhpbMT,1754773459911,2928.0,28,3,34.75,0.35,46.0,29.333333333333332,0.3333333333333333,40.333333333333336,-5.416666666666668,-0.016666666666666663,-5.666666666666664
chessbrahs,wMd5Jqza,1754773691735,2792.0,21,3,34.75,0.35,46.0,24.666666666666668,0.3333333333333333,52.0,-10.083333333333332,-0.016666666666666663,6.0
chessbrahs,D5AKFDSW,1754775730937,2836.0,54,3,34.75,0.35,46.0,54.0,0.0,32.0,19.25,-0.35,-14.0
chessbrahs,nQtmE5js,1754775865232,2585.0,35,3,34.75,0.35,46.0,52.666666666666664,0.0,29.666666666666668,17.916666666666664,-0.35,-16.333333333333332
chessbrahs,eFHcaXiG,1754776011903,2812.0,34,3,34.75,0.35,46.0,50.333333333333336,0.3333333333333333,36.0,15.583333333333336,-0.016666666666666663,-10.0
chessbrahs,W17YJmWc,1754776191276,2426.0,27,3,34.75,0.35,46.0,50.666666666666664,0.3333333333333333,35.0,15.916666666666664,-0.016666666666666663,-11.0
chessbrahs,WNCFlQ9p,1754776311079,2822.0,28,2,34.75,0.35,46.0,59.0,0.5,38.5,24.25,0.15000000000000002,-7.5
d-pawn,mqYTJRSM,1765451019164,2307.0,71,3,42.65,0.5,38.95,48.0,0.0,31.666666666666668,5.350000000000001,-0.5,-7.283333333333335
d-pawn,TdLmFrVa,1765505730830,2317.0,32,3,42.65,0.5,38.95,33.666666666666664,0.3333333333333333,32.666666666666664,-8.983333333333334,-0.16666666666666669,-6.2833333333333385
d-pawn,o2Jsq4Oi,1765506323370,2440.0,36,3,42.65,0.5,38.95,35.666666666666664,0.6666666666666666,34.0,-6.983333333333334,0.16666666666666663,-4.950000000000003
d-pawn,F1WCnJ4j,1765506640346,2357.0,27,3,42.65,0.5,38.95,35.666666666666664,1.0,33.0,-6.983333333333334,0.5,-5.950000000000003
d-pawn,cPftfSf2,1765581837772,2452.0,42,3,42.65,0.5,38.95,67.33333333333333,0.3333333333333333,40.333333333333336,24.68333333333333,-0.16666666666666669,1.3833333333333329
d-pawn,k0gB8BGp,1765599593656,2383.0,52,3,42.65,0.5,38.95,38.666666666666664,0.6666666666666666,35.666666666666664,-3.9833333333333343,0.16666666666666663,-3.2833333333333385
danshev16,5W51sxqS,1740861490007,2578.0,41,3,42.35,0.45,42.95,38.333333333333336,0.6666666666666666,33.0,-4.016666666666666,0.21666666666666662,-9.950000000000003
danshev16,1VhYwWV1,1740864097757,2282.0,36,3,42.35,0.45,42.95,34.333333333333336,0.6666666666666666,51.333333333333336,-8.016666666666666,0.21666666666666662,8.383333333333333
ebret,JgMsgNfI,1720460967319,2111.0,18,3,44.63157894736842,0.3,35.55,66.66666666666667,0.3333333333333333,28.0,22.035087719298254,0.033333333333333326,-7.549999999999997
ebret,7d7en3RB,1725379438723,2153.0,27,3,44.63157894736842,0.3,35.55,62.333333333333336,0.3333333333333333,36.0,17.701754385964918,0.033333333333333326,0.45000000000000284
ebret,7unTBlqT,1725379822360,2143.0,31,3,44.63157894736842,0.3,35.55,50.333333333333336,0.3333333333333333,42.0,5.701754385964918,0.033333333333333326,6.450000000000003
ebret,gfK4lqZv,1730826048151,2259.0,49,3,44.63157894736842,0.3,35.55,43.333333333333336,0.6666666666666666,28.666666666666668,-1.298245614035082,0.36666666666666664,-6.883333333333329
ebret,WpDwP66v,1732643197674,2123.0,19,3,44.63157894736842,0.3,35.55,60.0,0.3333333333333333,22.666666666666668,15.368421052631582,0.033333333333333326,-12.88333333333333
ebret,1eq7PpTT,1732643753526,2137.0,21,3,44.63157894736842,0.3,35.55,41.666666666666664,0.3333333333333333,43.333333333333336,-2.9649122807017534,0.033333333333333326,7.7833333333333385
ebret,PfT3iQ8I,1752488940880,2039.0,34,1,44.63157894736842,0.3,35.55,41.0,0.0,55.0,-3.6315789473684177,-0.3,19.450000000000003
elsas,UIK8be8p,1765313179051,2572.0,59,3,42.15,0.35,43.6,44.0,0.3333333333333333,56.666666666666664,1.8500000000000014,-0.016666666666666663,13.066666666666663
elsas,LGLoKNWW,1765376666374,2525.0,60,3,42.15,0.35,43.6,40.333333333333336,0.6666666666666666,52.666666666666664,-1.8166666666666629,0.31666666666666665,9.066666666666663
elsas,WUMkFd7s,1765403383884,2495.0,21,3,42.15,0.35,43.6,41.666666666666664,0.0,28.666666666666668,-0.4833333333333343,-0.35,-14.933333333333334
elsas,vGZPmCjC,1765425116263,2485.0,15,3,42.15,0.35,43.6,40.666666666666664,0.0,46.666666666666664,-1.4833333333333343,-0.35,3.066666666666663
elsas,CEoLJwDN,1765425271623,2490.0,9,3,42.15,0.35,43.6,44.333333333333336,0.3333333333333333,56.333333333333336,2.183333333333337,-0.016666666666666663,12.733333333333334
elsas,xn3xmZNs,1765431325565,2368.0,51,3,42.15,0.35,43.6,47.333333333333336,0.6666666666666666,29.0,5.183333333333337,0.31666666666666665,-14.600000000000001
elsas,CjlVg3ig,1765553797190,2445.0,21,3,42.15,0.35,43.6,34.666666666666664,0.6666666666666666,41.666666666666664,-7.483333333333334,0.31666666666666665,-1.9333333333333371
escha,ENtI10Hf,1733078155432,2478.0,49,3,37.22222222222222,0.5,39.65,35.0,0.6666666666666666,37.333333333333336,-2.2222222222222214,0.16666666666666663,-2.316666666666663
escha,4Tb5LEIt,1733078910818,2478.0,33,3,37.22222222222222,0.5,39.65,43.0,0.3333333333333333,62.0,5.777777777777779,-0.16666666666666669,22.35
escha,z0cnehvR,1733079517994,2342.0,45,3,37.22222222222222,0.5,39.65,29.5,0.3333333333333333,47.0,-7.722222222222221,-0.16666666666666669,7.350000000000001
escha,V4lDzFFd,1737312548533,2293.0,32,2,37.22222222222222,0.5,39.65,32.0,0.5,16.0,-5.222222222222221,0.0,-23.65
gravereaper,6mORK26d,1765645202556,2394.0,22,3,27.2,0.75,48.45,27.333333333333332,1.0,59.0,0.13333333333333286,0.25,10.549999999999997
gravereaper,iV6pWEsm,1765647592509,2526.0,59,3,27.2,0.75,48.45,24.333333333333332,0.6666666666666666,64.0,-2.866666666666667,-0.08333333333333337,15.549999999999997
haski_2014,c8ICkVG4,1765218846553,2723.0,17,3,38.4,0.25,51.25,37.0,0.0,49.0,-1.3999999999999986,-0.25,-2.25
haski_2014,VrnYlxML,1765704709153,2667.0,38,3,38.4,0.25,51.25,44.0,0.0,42.666666666666664,5.600000000000001,-0.25,-8.583333333333336
haski_2014,B8Kx4ZlL,1765704919508,2672.0,34,3,38.4,0.25,51.25,38.333333333333336,0.0,49.0,-0.06666666666666288,-0.25,-2.25
haski_2014,4ztHrBkB,1765705210590,2676.0,75,3,38.4,0.25,51.25,46.333333333333336,0.0,35.0,7.933333333333337,-0.25,-16.25
haski_2014,OaBFl09B,1765705590018,2615.0,19,3,38.4,0.25,51.25,48.333333333333336,0.0,59.666666666666664,9.933333333333337,-0.25,8.416666666666664
haski_2014,ISGbvmDc,1765705753923,2618.0,53,3,38.4,0.25,51.25,52.666666666666664,0.0,69.0,14.266666666666666,-0.25,17.75
haski_2014,Wo6Rfxw4,1765706076979,2614.0,33,3,38.4,0.25,51.25,45.666666666666664,0.3333333333333333,79.66666666666667,7.266666666666666,0.08333333333333331,28.41666666666667
haski_2014,SN4r6v3W,1765707937665,2633.0,81,3,38.4,0.25,51.25,46.333333333333336,0.3333333333333333,55.0,7.933333333333337,0.08333333333333331,3.75
haski_2014,LlvezovE,1765709571361,2547.0,28,3,38.4,0.25,51.25,46.0,0.0,55.333333333333336,7.600000000000001,-0.25,4.083333333333336
haski_2014,NQLT15Rd,1765710243664,2662.0,32,3,38.4,0.25,51.25,29.666666666666668,0.6666666666666666,62.333333333333336,-8.73333333333333,0.41666666666666663,11.083333333333336
hhcuuid,jCFzYtHb,1765484544679,2541.0,26,3,35.94736842105263,0.7,40.45,38.333333333333336,0.6666666666666666,45.666666666666664,2.3859649122807056,-0.033333333333333326,5.2166666666666615
hhcuuid,8KtOaHPB,1765764903316,2373.0,52,3,35.94736842105263,0.7,40.45,44.333333333333336,0.6666666666666666,58.333333333333336,8.385964912280706,-0.033333333333333326,17.883333333333333
imnow,jC0VccSI,1734686883049,2721.0,23,3,28.75,0.45,39.65,27.0,0.6666666666666666,36.666666666666664,-1.75,0.21666666666666662,-2.9833333333333343
imnow,wBpeRHcR,1734704980255,2723.0,23,3,28.75,0.45,39.65,14.666666666666666,0.3333333333333333,20.333333333333332,-14.083333333333334,-0.1166666666666667,-19.316666666666666
imnow,UkP4NYMj,1734709140357,2584.0,24,3,28.75,0.45,39.65,14.666666666666666,1.0,26.333333333333332,-14.083333333333334,0.55,-13.316666666666666
imnow,HLxCa2XU,1749487524580,2000.0,24,1,28.75,0.45,39.65,14.0,1.0,31.0,-14.75,0.55,-8.649999999999999
jeppehaldfalk,jDPe9xz6,1757445930411,2523.0,53,3,39.5,0.5,41.8,41.0,0.6666666666666666,21.666666666666668,1.5,0.16666666666666663,-20.13333333333333
jeppehaldfalk,nqDzLC2F,1757446378812,2520.0,19,3,39.5,0.5,41.8,32.0,1.0,36.0,-7.5,0.5,-5.799999999999997
jeppehaldfalk,lRvFAAgv,1762634765673,2461.0,36,3,39.5,0.5,41.8,37.0,0.3333333333333333,34.0,-2.5,-0.16666666666666669,-7.799999999999997
jeppehaldfalk,sHV8npCi,1764332538697,2501.0,51,2,39.5,0.5,41.8,36.5,0.5,25.5,-3.0,0.0,-16.299999999999997
juancruzariasTDF,HNAtiBcT,1764738926306,2712.0,41,3,25.05,0.7,39.6,30.0,0.6666666666666666,46.0,4.949999999999999,-0.033333333333333326,6.399999999999999
juancruzariasTDF,fEUHzImO,1764739638410,2893.0,30,3,25.05,0.7,39.6,30.333333333333332,0.6666666666666666,51.0,5.283333333333331,-0.033333333333333326,11.399999999999999
juancruzariasTDF,ACmk0fbz,1764740176207,2633.0,55,3,25.05,0.7,39.6,24.333333333333332,0.6666666666666666,50.333333333333336,-0.7166666666666686,-0.033333333333333326,10.733333333333334
kasparovsabe,gjZoq5E9,1765329986577,2532.0,36,3,41.65,0.55,41.9,41.333333333333336,0.6666666666666666,38.666666666666664,-0.3166666666666629,0.11666666666666659,-3.2333333333333343
kathryna,E8ooApSi,1764803058404,2239.0,29,3,46.0,0.4,47.65,47.0,0.3333333333333333,39.666666666666664,1.0,-0.06666666666666671,-7.983333333333334
kpio91,KaFG6zn3,1740862108903,2612.0,22,3,39.75,0.65,46.7,34.0,0.6666666666666666,30.666666666666668,-5.75,0.016666666666666607,-16.033333333333335
kpio91,IQK0aAiY,1740862309415,2657.0,37,3,39.75,0.65,46.7,31.666666666666668,1.0,32.333333333333336,-8.083333333333332,0.35,-14.366666666666667
kpio91,xoy66TTP,1740863730337,2823.0,56,3,39.75,0.65,46.7,25.0,0.3333333333333333,58.333333333333336,-14.75,-0.3166666666666667,11.633333333333333
laksshana,gl3Pelgl,1712617002260,2049.0,23,3,43.15384615384615,0.6,27.35,43.666666666666664,0.3333333333333333,32.333333333333336,0.512820512820511,-0.26666666666666666,4.983333333333334
laksshana,AkOwEtRU,1714231970224,2030.0,29,3,43.15384615384615,0.6,27.35,48.0,0.3333333333333333,28.333333333333332,4.846153846153847,-0.26666666666666666,0.9833333333333307
laksshana,Jz7FNs6r,1714232454890,2018.0,21,3,43.15384615384615,0.6,27.35,36.666666666666664,0.6666666666666666,40.0,-6.487179487179489,0.06666666666666665,12.649999999999999
laksshana,YvrtVGmQ,1721477081028,2122.0,23,3,43.15384615384615,0.6,27.35,20.0,1.0,25.666666666666668,-23.153846153846153,0.4,-1.6833333333333336
laligb,HQdIoUWY,1730753374001,1988.0,30,3,60.85,0.55,32.45,81.66666666666667,0.3333333333333333,25.666666666666668,20.81666666666667,-0.21666666666666673,-6.783333333333335
laligb,TZsLu4Yx,1730754296321,1832.0,11,3,60.85,0.55,32.45,59.0,0.3333333333333333,29.0,-1.8500000000000014,-0.21666666666666673,-3.450000000000003
laligb,YaqrM5hj,1730754958435,1885.0,20,3,60.85,0.55,32.45,62.666666666666664,1.0,51.666666666666664,1.8166666666666629,0.44999999999999996,19.21666666666666
laligb,p0Efg9Oz,1731060663952,2012.0,20,2,60.85,0.55,32.45,37.0,0.5,24.0,-23.85,-0.050000000000000044,-8.450000000000003
lindenice,DPdlGSml,1759674403808,2381.0,31,3,41.05,0.55,36.95,37.0,1.0,40.333333333333336,-4.049999999999997,0.44999999999999996,3.383333333333333
lindenice,bUvXpJOk,1759759280356,2215.0,18,3,41.05,0.55,36.95,62.666666666666664,0.3333333333333333,24.0,21.616666666666667,-0.21666666666666673,-12.950000000000003
lindenice,6DHcIh1R,1759759451063,2194.0,11,3,41.05,0.55,36.95,54.0,0.3333333333333333,28.0,12.950000000000003,-0.21666666666666673,-8.950000000000003
lindenice,waFwu4kW,1759760097633,2206.0,36,3,41.05,0.55,36.95,19.333333333333332,0.6666666666666666,20.0,-21.716666666666665,0.11666666666666659,-16.950000000000003
lindenice,607ERovx,1759805588459,2402.0,23,3,41.05,0.55,36.95,34.0,0.3333333333333333,39.666666666666664,-7.049999999999997,-0.21666666666666673,2.7166666666666615
marichola,CF1Y23AO,1753369036069,2274.0,36,3,45.35,0.6,34.3,67.66666666666667,0.3333333333333333,31.0,22.31666666666667,-0.26666666666666666,-3.299999999999997
marichola,fSW9vC0g,1753370445893,2248.0,37,3,45.35,0.6,34.3,50.333333333333336,0.0,41.333333333333336,4.983333333333334,-0.6,7.0333333333333385
marichola,mpcUDqw8,1753382774556,2269.0,42,3,45.35,0.6,34.3,44.666666666666664,0.0,44.666666666666664,-0.6833333333333371,-0.6,10.366666666666667
marichola,zEqtyHyj,1753383772374,2288.0,26,3,45.35,0.6,34.3,39.333333333333336,0.3333333333333333,56.0,-6.016666666666666,-0.26666666666666666,21.700000000000003
marichola,AG83Ksmi,1762360753295,2236.0,27,3,45.35,0.6,34.3,21.333333333333332,1.0,28.0,-24.01666666666667,0.4,-6.299999999999997
matols1992,DAm5Py1k,1746810932415,1533.0,25,3,32.55,0.55,31.3,16.666666666666668,0.6666666666666666,30.0,-15.88333333333333,0.11666666666666659,-1.3000000000000007
matols1992,FbiE0Dm3,1747299211831,2313.0,38,3,32.55,0.55,31.3,17.0,0.6666666666666666,37.0,-15.549999999999997,0.11666666666666659,5.699999999999999
matols1992,tWypx4L1,1747745946769,2264.0,52,3,32.55,0.55,31.3,23.333333333333332,0.6666666666666666,41.333333333333336,-9.216666666666665,0.11666666666666659,10.033333333333335
matols1992,fUlxuaGc,1749291163329,1619.0,74,3,32.55,0.55,31.3,8.333333333333334,0.3333333333333333,19.333333333333332,-24.21666666666666,-0.21666666666666673,-11.966666666666669
matols1992,c4rgvF5k,1752241837182,2396.0,43,3,32.55,0.55,31.3,23.0,1.0,30.666666666666668,-9.549999999999997,0.44999999999999996,-0.6333333333333329
meoluoi91,g493JZLx,1686673230152,2545.0,22,3,47.05,0.55,37.5,94.0,0.0,30.0,46.95,-0.55,-7.5
meoluoi91,QC9VwENd,1686673350384,2489.0,24,3,47.05,0.55,37.5,67.66666666666667,0.3333333333333333,32.333333333333336,20.616666666666674,-0.21666666666666673,-5.166666666666664
meoluoi91,dk0sDlyu,1686674917587,2607.0,40,3,47.05,0.55,37.5,62.333333333333336,0.3333333333333333,41.0,15.283333333333339,-0.21666666666666673,3.5
meoluoi91,s4TOsCcx,1686675088244,2379.0,35,3,47.05,0.55,37.5,43.0,0.6666666666666666,44.0,-4.049999999999997,0.11666666666666659,6.5
mlatb,O2fz5OiQ,1764354317841,2451.0,49,1,30.4,0.85,36.15,15.0,1.0,36.0,-15.399999999999999,0.15000000000000002,-0.14999999999999858
muisback,7Q40jGk8,1751903416606,2687.0,61,3,29.05,0.5,44.85,22.333333333333332,0.6666666666666666,44.666666666666664,-6.716666666666669,0.16666666666666663,-0.18333333333333712
muisback,AX0bb9CG,1751906108441,2773.0,40,3,29.05,0.5,44.85,31.333333333333332,0.0,35.666666666666664,2.2833333333333314,-0.5,-9.183333333333337
muisback,R5zy46WO,1751906688024,2759.0,26,3,29.05,0.5,44.85,37.666666666666664,0.3333333333333333,42.333333333333336,8.616666666666664,-0.16666666666666669,-2.5166666666666657
parajuli1982,5FLZaXZ4,1688214043584,2043.0,38,3,56.3,0.45,28.6,34.0,0.3333333333333333,25.0,-22.299999999999997,-0.1166666666666667,-3.6000000000000014
parajuli1982,dU07fieo,1688536637191,1937.0,28,3,56.3,0.45,28.6,83.33333333333333,0.6666666666666666,39.333333333333336,27.03333333333333,0.21666666666666662,10.733333333333334
parajuli1982,eMkBN3hV,1696437545231,1964.0,19,3,56.3,0.45,28.6,72.66666666666667,0.6666666666666666,29.666666666666668,16.366666666666674,0.21666666666666662,1.0666666666666664
parajuli1982,TKfcRLaq,1714920022157,1979.0,18,2,56.3,0.45,28.6,17.5,1.0,24.0,-38.8,0.55,-4.600000000000001
paruchi,5KwJyDTb,1743265744063,2481.0,65,3,46.4,0.45,38.2,,0.3333333333333333,42.0,,-0.1166666666666667,3.799999999999997
paruchi,iZJOFDxV,1743784482320,2313.0,30,3,46.4,0.45,38.2,,0.3333333333333333,38.0,,-0.1166666666666667,-0.20000000000000284
paruchi,Yk3wH7mu,1751906978366,2364.0,37,3,46.4,0.45,38.2,52.333333333333336,0.3333333333333333,42.666666666666664,5.933333333333337,-0.1166666666666667,4.4666666666666615
pepechess1,bgc5183L,1671077892552,2339.0,43,3,54.36842105263158,0.65,40.05,122.5,0.3333333333333333,21.333333333333332,68.13157894736841,-0.3166666666666667,-18.716666666666665
pepechess1,n2gdJNxa,1689726912076,2362.0,1,3,54.36842105263158,0.65,40.05,94.66666666666667,0.3333333333333333,38.666666666666664,40.29824561403509,-0.3166666666666667,-1.3833333333333329
pepechess1,2FaC8nRD,1746399600462,1530.0,35,3,54.36842105263158,0.65,40.05,26.0,0.3333333333333333,52.0,-28.368421052631582,-0.3166666666666667,11.950000000000003
pepechess1,t3HNVCM3,1746402435950,2248.0,26,3,54.36842105263158,0.65,40.05,41.0,0.6666666666666666,48.333333333333336,-13.368421052631582,0.016666666666666607,8.283333333333339
pollocuba2019,26fc6Qdf,1692727719865,2491.0,28,3,43.6,0.55,37.75,48.333333333333336,0.3333333333333333,33.666666666666664,4.733333333333334,-0.21666666666666673,-4.083333333333336
pollocuba2019,JsV50DuX,1697361561438,2520.0,31,3,43.6,0.55,37.75,45.0,1.0,34.333333333333336,1.3999999999999986,0.44999999999999996,-3.4166666666666643
pollocuba2019,yLlwO5kX,1702498654786,2346.0,20,3,43.6,0.55,37.75,35.333333333333336,1.0,51.666666666666664,-8.266666666666666,0.44999999999999996,13.916666666666664
sahibsinghknight,X1yClquG,1765293843622,2586.0,47,3,33.94736842105263,0.6,40.3,30.0,0.6666666666666666,36.333333333333336,-3.94736842105263,0.06666666666666665,-3.9666666666666615
sahibsinghknight,NkoGZvoD,1765294185708,2493.0,49,3,33.94736842105263,0.6,40.3,19.333333333333332,1.0,32.0,-14.614035087719298,0.4,-8.299999999999997
sahibsinghknight,2jmxQIb7,1765384960151,2426.0,61,3,33.94736842105263,0.6,40.3,25.333333333333332,1.0,29.333333333333332,-8.614035087719298,0.4,-10.966666666666665
theKittycat,461TyxvS,1708373373179,2194.0,23,3,43.25,0.4,46.65,26.0,1.0,54.333333333333336,-17.25,0.6,7.683333333333337
theKittycat,hkT8ntPf,1734109716972,2000.0,18,3,43.25,0.4,46.65,73.0,0.0,34.666666666666664,29.75,-0.4,-11.983333333333334
theKittycat,FV8UKm7E,1734110846663,2000.0,36,3,43.25,0.4,46.65,74.0,0.0,38.333333333333336,30.75,-0.4,-8.316666666666663
theKittycat,CT8vvwLt,1734116653315,2000.0,47,3,43.25,0.4,46.65,30.333333333333332,0.0,75.33333333333333,-12.916666666666668,-0.4,28.68333333333333
theKittycat,RyrUqRXk,1734117182723,2000.0,115,3,43.25,0.4,46.65,46.0,0.0,46.0,2.75,-0.4,-0.6499999999999986
theKittycat,wYCeIVj0,1734880060595,2000.0,46,3,43.25,0.4,46.65,47.333333333333336,0.0,49.333333333333336,4.083333333333336,-0.4,2.683333333333337
theKittycat,yj6PSihA,1734881052024,2000.0,27,1,43.25,0.4,46.65,38.0,0.0,56.0,-5.25,-0.4,9.350000000000001
tilsiav,n7PguljT,1728400577857,2621.0,31,3,35.0,0.65,37.1,16.666666666666668,1.0,29.0,-18.333333333333332,0.35,-8.100000000000001
tilsiav,TjQwuchh,1728851475255,2516.0,50,3,35.0,0.65,37.1,14.666666666666666,1.0,33.333333333333336,-20.333333333333336,0.35,-3.7666666666666657
tka3,mqxFfts9,1765741645444,2333.0,45,3,35.21052631578947,0.55,38.1,25.333333333333332,0.3333333333333333,33.0,-9.87719298245614,-0.21666666666666673,-5.100000000000001
tka3,BDV4Furp,1765742014696,2637.0,44,3,35.21052631578947,0.55,38.1,47.333333333333336,0.0,31.666666666666668,12.122807017543863,-0.55,-6.433333333333334
tka3,s9lhAiWq,1765742803324,2670.0,32,3,35.21052631578947,0.55,38.1,46.666666666666664,0.3333333333333333,38.0,11.456140350877192,-0.21666666666666673,-0.10000000000000142
tomikapi2,BvSkR2fR,1733943488081,2484.0,58,3,37.3,0.75,44.9,37.666666666666664,1.0,37.0,0.36666666666666714,0.25,-7.899999999999999
tomikapi2,g1i8Ng75,1734297723722,2746.0,63,3,37.3,0.75,44.9,42.0,0.6666666666666666,39.333333333333336,4.700000000000003,-0.08333333333333337,-5.566666666666663
tomikapi2,OapwLsb8,1736468392771,2367.0,33,3,37.3,0.75,44.9,35.666666666666664,1.0,41.333333333333336,-1.6333333333333329,0.25,-3.566666666666663
tomikapi2,05GO71Ja,1760209462108,2823.0,45,3,37.3,0.75,44.9,31.333333333333332,1.0,28.333333333333332,-5.966666666666665,0.25,-16.566666666666666
tomikapi2,LGS4QZte,1760210559154,2302.0,40,1,37.3,0.75,44.9,36.0,1.0,52.0,-1.2999999999999972,0.25,7.100000000000001
zabivol_mc,nyJ2xUVJ,1738255156546,2177.0,27,3,32.95,0.7,29.2,28.333333333333332,0.6666666666666666,26.333333333333332,-4.616666666666671,-0.033333333333333326,-2.866666666666667
zabivol_mc,LejA2Lrm,1741018238236,2202.0,33,3,32.95,0.7,29.2,50.666666666666664,1.0,31.0,17.71666666666666,0.30000000000000004,1.8000000000000007
zabivol_mc,o3aSSCcb,1751102513254,2130.0,41,3,32.95,0.7,29.2,17.0,1.0,19.0,-15.950000000000003,0.30000000000000004,-10.2
