player_username,player_sex,game_id,opponent_rating,opponent_id,is_white,won,status,total_moves,acpl,eco,opening_name,timestamp,moves,complexity
elsas,M,RGpODT1g,2512.0,Hemoglobinski,True,False,draw,28,32.0,B01,Scandinavian Defense: Blackburne Gambit,1765659530366,e4 d5 exd5 c6 dxc6 Nxc6 Nf3 e5 Bb5 Bd6 O-O Ne7 Nc3 O-O d3 Bg4 h3 Bh5 g4 Bg6 Nh4 Nd4 Bc4 Kh8 Ne4 f5 Nxd6 Qxd6 Nxg6+ Qxg6 c3 fxg4 Qxg4 Nf3+ Kh1 Qf6 Be3 a6 Bc5 Rad8 Rad1 Rfe8 Kg2 Nf5 Be3 N5h4+ Kh1 Qc6 Qe4 Qd7 Qg4 Qc6 Qe4 Qd7 Qg4 Qc6,88.12162162162163
elsas,M,0Ya8QM5Z,2504.0,SchhW,False,False,draw,59,9.0,E90,"King's Indian Defense: Normal Variation, Rare Defenses",1765615410557,d4 Nf6 c4 g6 Nc3 Bg7 e4 d6 Nf3 O-O g3 e5 Bg2 Nc6 O-O Bg4 dxe5 Nxe5 h3 Bxf3 Bxf3 Nxc4 Be2 Nb6 f4 Re8 Bf3 c6 Re1 Qc7 Be3 Rad8 Qb3 d5 Bxb6 Qxb6+ Qxb6 axb6 exd5 Nxd5 Rxe8+ Rxe8 Nxd5 cxd5 Bxd5 Bxb2 Rb1 Bd4+ Kf1 Re3 Rb3 Rxb3 axb3 Kf8 Bxb7 Ke7 Ke2 f5 Bd5 Kf6 Kd3 Bf2 g4 fxg4 hxg4 h5 Ke2 Bc5 g5+ Kg7 Kf3 Bd6 Be6 Bc7 Bh3 Bd6 Ke4 Bc7 f5 gxf5+ Kxf5 h4 Ke6 Bg3 Bf5 Bf2 Kd5 h3 Bxh3 Kg6 Kc6 Kxg5 Bf1 Kf6 Kd5 Kf5 Bd3+ Kf4 Bg6 Bg1 b4 Ke3 Kc4 Kd2 Kb5 Kc3 Bf7 Bc5 bxc5 bxc5 Bc4 Kd4 Bb3 c4 Bc2 Kc3 Bh7 Kb2 Kxc4,54.833333333333336
elsas,M,rmKbkdjY,2268.0,kars78,True,True,resign,34,68.0,E81,"King's Indian Defense: Sämisch Variation, Sämisch Gambit",1765615088978,d4 d6 c4 g6 Nc3 Bg7 e4 Nf6 f3 O-O Be3 c5 dxc5 Nc6 cxd6 Be6 dxe7 Qxe7 Kf2 Rad8 Nd5 Qe8 Qc2 Nd7 Ne2 f5 exf5 Bxf5 Qb3 b6 Ng3 Na5 Qc2 Nc5 Nxf5 Rxf5 Re1 Re5 b4 Bh6 bxc5 Rdxd5 cxd5 Rxe3 Bc4 Nxc4 Qxc4 Qe5 d6+ Kf8 Rhf1 Bg5 g3 bxc5 f4 Qb2+ Re2 Rxe2+ Qxe2 Qd4+ Qe3 Bf6 Qxd4 Bxd4+ Kf3 Ke8 Ke4 Kd7 Kd5,77.66
elsas,M,KKV7CCfX,2468.0,Ryano_333,False,True,resign,32,27.0,C26,Vienna Game: Mieses Variation,1765614825466,e4 e5 Nc3 Nf6 g3 c6 d4 exd4 Qxd4 d5 exd5 cxd5 Bg2 Nc6 Qd3 d4 Ne4 Bf5 Bg5 Bxe4 Bxe4 Qa5+ Bd2 Qe5 f3 Nxe4 Qxe4 Qxe4+ fxe4 Bc5 O-O-O O-O Nf3 Rfe8 Rhe1 f6 c3 Rad8 Kc2 d3+ Kb1 Re6 Bc1 a6 Be3 Bf8 Nd2 b5 a3 g6 Rf1 Kf7 Rf3 Ne5 Rff1 Nc4 Bd4 Bh6 Nf3 d2 g4 Be3 Ng5+ Bxg5,54.56666666666667
elsas,M,CjlVg3ig,2445.0,LudovicM59,True,False,resign,21,47.0,C56,"Italian Game: Scotch Gambit, Max Lange Attack",1765553797190,e4 Nc6 Nf3 e5 d4 exd4 Bc4 Nf6 e5 d5 Bb5 Ne4 Nxd4 Bd7 Bxc6 bxc6 O-O Bc5 f3 Ng5 Be3 O-O f4 Ne4 Nd2 f6 Nxe4 dxe4 exf6 Qxf6 c3 Rad8 Qb3+ Kh8 Qa4 Bb6 Rad1 c5 Nb5 a6 Qxa6 Ra8 Qb7,92.45833333333333
elsas,M,xn3xmZNs,2368.0,Artem_Ry,True,False,resign,51,55.0,E10,Indian Defense: Anti-Nimzo-Indian,1765431325565,d4 Nf6 c4 e6 Nf3 c5 e3 cxd4 exd4 Bb4+ Nc3 O-O Bd3 h6 O-O d5 c5 Bxc3 bxc3 b6 Ba3 bxc5 Bxc5 Re8 Ne5 Ba6 Rb1 Bxd3 Qxd3 Qc7 f4 Ne4 Bb4 a5 Ba3 Qxc3 Rb3 Qxd3 Rxd3 f6 Ng6 Nd7 f5 Rab8 fxe6 Rxe6 Nf4 Reb6 Nxd5 Rb1 Rdd1 Rxd1 Rxd1 f5 Ne7+ Kh7 Nxf5 Nc3 Re1 Rb5 g4 Nd5 Re5 N7f6 h3 Rb1+ Kg2 Nf4+ Kg3 g5 Re7+ Kh8 Rf7 Ne4+ Kf3 Nd2+ Kg3 Rg1+ Kf2 Nxh3+ Ke2 Rg2+ Kd3 Nf4+ Kc3 Nb1+ Kb3 Nxa3 Kxa3 Rxg4 Rf8+ Kh7 Ne7 Ne6 d5 Nxf8 d6 Nd7 Nd5 Rd4 Nf6+ Nxf6,227.11666666666667
elsas,M,PV3Icovy,2392.0,Neftegor,False,True,resign,46,17.0,D35,"Queen's Gambit Declined: Exchange Variation, Positional Variation",1765430899359,d4 d5 c4 e6 Nc3 Nf6 cxd5 exd5 Bg5 c6 e3 Be7 Bd3 O-O Qc2 h6 Bf4 Re8 h3 Bd6 Bxd6 Qxd6 Nf3 Nbd7 O-O a6 Rab1 c5 dxc5 Nxc5 Rfd1 Be6 Be2 Rac8 Rd4 Qe7 Qd1 Red8 Qe1 Nce4 Rc1 b5 a3 Rc7 Bd3 Rdc8 Rb4 Nxc3 Rxc3 Rxc3 bxc3 Qc5 Rb3 Ne4 Nd4 Nxc3 Nxe6 fxe6 Qd2 Na4 Kh2 Qd6+ g3 Nc5 Rc3 Rc7 Bb1 Nd7 Rd3 Ne5 Qd1 Nxd3 Qxd3 Qe5 Qh7+ Kf7 Bg6+ Ke7 Qg8 Kd6 Qf8+ Kc6 Qa8+ Kb6 Qb8+ Kc5 Qa8 Qd6 Kg2 Kc4 Qe8 e5,46.6
elsas,M,piSXZ5y9,2307.0,fryingdog,True,True,resign,40,39.0,A43,Benoni Defense: Benoni-Indian Defense,1765430621273,d4 c5 d5 Nf6 Nc3 e6 e4 exd5 exd5 d6 Nf3 Be7 Bd3 O-O O-O a6 a4 Bg4 Re1 Nbd7 h3 Bh5 Bf4 Re8 Be2 Bf8 Qd2 Qc7 Ng5 Bg6 Bd3 Ne5 Bxe5 dxe5 Bxg6 hxg6 Nge4 Rad8 Nxf6+ gxf6 Ne4 Bg7 c4 f5 Nc3 e4 Re2 Bd4 Kh1 Kg7 Rf1 Qa5 Qc2 Qb4 Nd1 b5 axb5 axb5 b3 Ra8 Ne3 Ra3 Rb1 Rea8 d6 Rd8 Nd5 Qa5 b4 cxb4 c5 Ra1 Ree1 Ra2 Qc1 Rxf2 Nxb4 Qa7 Nc6 Qb7 Nxd8,73.44166666666666
elsas,M,67d8YVR2,2351.0,Jrnbrk,True,True,outoftime,38,58.0,E11,Bogo-Indian Defense: Wade-Smyslov Variation,1765429993816,d4 Nf6 c4 e6 Nf3 Bb4+ Bd2 a5 a3 Bxd2+ Qxd2 a4 Nc3 d6 e4 O-O Bd3 e5 d5 Nbd7 O-O Nc5 Bc2 Nh5 Ne1 Qh4 g3 Qh3 f3 Kh8 Nb5 Qd7 Nd3 Nxd3 Bxd3 b6 Rae1 Qd8 f4 Bh3 Rf2 exf4 gxf4 g5 Qc3+ f6 Be2 Nxf4 Rxf4 gxf4 Qxh3 Rg8+ Kh1 Qe7 Qf3 Rg6 Qxf4 Rag8 Bf3 Qg7 Qe3 Rh6 Rg1 Rg6 Rxg6 hxg6 Nd4 Re8 Ne6 Rxe6 dxe6 Kh7 Bg4 Qe7 h4 Kg7 Kg2,52.060344827586206
elsas,M,1xRY1cjJ,2428.0,Slovafn,False,False,mate,69,39.0,A48,East Indian Defense,1765429591258,d4 Nf6 Nf3 g6 Nbd2 Bg7 c3 d5 e4 dxe4 Ne5 O-O Bc4 Nbd7 Qe2 Nb6 Bb3 Bf5 g4 Bd7 g5 Nfd5 Qxe4 e6 h4 c5 dxc5 Na4 Nxd7 Qxd7 Bxa4 Qe7 Nf3 Qxc5 Bb3 a5 O-O a4 Bxd5 exd5 Qf4 Rfe8 Be3 Qc6 Bd4 Re4 Qd2 Qd7 Nh2 Bxd4 cxd4 Rxh4 f4 Rh3 Rf3 Rxf3 Nxf3 Qg4+ Kf2 Re8 Rg1 Qf5 Re1 Re4 Rxe4 dxe4 Ne5 Qh3 Qc3 Qh2+ Ke3 Qh1 Qc8+ Kg7 d5 Qe1+ Kd4 e3 Qc3 Qxc3+ bxc3 e2 Nd3 f6 c4 fxg5 fxg5 h5 c5 h4 Ke3 h3 Kxe2 Kf7 Nf2 h2 c6 bxc6 dxc6 Ke6 Kf3 Kd6 Kg2 Kxc6 Kxh2 Kd5 Kg3 Ke5 Kg4 Kd4 Nh3 Ke5 Nf4 Kd4 Nxg6 Kd5 Nf4+ Ke5 g6 Kf6 Kh5 Kg7 Kg5 a3 Kf5 Kg8 Kf6 Kf8 Ne6+ Kg8 g7 Kh7 Kf7 Kh6 g8=Q Kh5 Qg3 Kh6 Qh4#,60.55833333333333
elsas,M,CSZH8WOG,2446.0,SabrinaCarpenter,False,False,outoftime,62,36.0,B03,Alekhine Defense,1765429148100,e4 Nf6 e5 Nd5 d4 d6 f4 g6 Nf3 Bg7 Be2 O-O O-O dxe5 Nxe5 Nd7 Bf3 c6 Qe1 N7f6 Kh1 Bf5 Na3 a5 g4 Bd7 Nac4 b5 Nxd7 Nxd7 Ne5 Nxe5 dxe5 e6 f5 exf5 gxf5 Re8 e6 fxe6 fxe6 Qd6 Bg4 Nf6 Bf4 Qd5+ Bf3 Qxe6 Qh4 Nd5 Bh6 Bxh6 Qxh6 Qe3 Bxd5+ cxd5 Rf8+ Rxf8 Qxe3 Rae8 Qd4 Rf5 a4 b4 c3 Re4 Qa7 bxc3 bxc3 Re2 Rb1 Rff2 Rb8+ Rf8 Rxf8+ Kxf8 Qxa5 Re1+ Kg2 Re2+ Kg3 Re5 Qd8+ Kf7 a5 Re3+ Kf4 Re4+ Kf3 h6 Qxd5+ Re6 a6 Kf6 Qxe6+ Kxe6 a7 g5 a8=Q Kf5 Qe4+ Kf6 c4 h5 c5 g4+ Kf4 Kg7 Qe5+ Kg6 c6 h4 Kxg4 Kh6 Kxh4 Kg6 Kg4 Kf7 c7 Kg6 c8=Q Kf7 Qcc7+ Kf8 Qeg7+,58.55
elsas,M,CEoLJwDN,2490.0,Prayer791,True,False,resign,9,47.0,A54,Old Indian Defense: Two Knights Variation,1765425271623,d4 Nf6 c4 d6 Nc3 e5 Nf3 e4 Ng5 Qe7 Qc2 Bf5 f3 Nc6 e3 Nxd4 exd4 exf3+,
elsas,M,vGZPmCjC,2485.0,Slava50,False,False,resign,15,42.0,D11,Slav Defense: Modern Line,1765425116263,Nf3 d5 d4 c6 c4 Nf6 g3 Bf5 Bg2 e6 O-O Nbd7 Nc3 h6 Qb3 Qc8 Bf4 Be7 Rac1 O-O Ne5 dxc4 Nxc4 Nb6 e4 Nxc4 exf5 Nb6 Rfe1 Nfd5 Nxd5,67.5
elsas,M,WUMkFd7s,2495.0,Kabeljaukrieger,True,False,resign,21,73.0,A40,English Defense,1765403383884,d4 e6 c4 b6 Nc3 Bb4 Nf3 f5 e3 Nf6 Bd3 Bb7 O-O Bxc3 bxc3 d6 a4 Nbd7 Ba3 O-O d5 exd5 Bxf5 dxc4 Be6+ Kh8 Bxc4 Ng4 Be2 Qf6 h3 Nge5 Nxe5 Nxe5 Kh2 Qg5 Rg1 Rxf2 Bf1 Nf3+ Kh1 Qg3,61.45652173913044
elsas,M,AQLvCY8H,2503.0,www68,False,False,outoftime,70,25.0,C85,"Ruy Lopez: Closed, Delayed Exchange",1765402994796,e4 e5 Nf3 Nc6 Bb5 a6 Ba4 Nf6 O-O Be7 Bxc6 dxc6 Re1 Bg4 h3 Bxf3 Qxf3 O-O d3 Nd7 Nd2 Bd6 Nc4 Qe7 Ne3 g6 Bd2 Qe6 Bc3 c5 Ng4 b5 b3 c6 a4 f6 Nh6+ Kg7 Ng4 h5 Ne3 Kh7 h4 Be7 g3 Rfc8 Kg2 Kg7 Ra2 b4 Bb2 Rf8 Raa1 Rh8 Re2 Raf8 Rae1 a5 Nc4 Ra8 c3 Rhf8 cxb4 cxb4 d4 exd4 Bxd4 Ne5 Bxe5 fxe5 Qe3 Rad8 Rd2 Bf6 Red1 Rd4 Rxd4 exd4 Qe2 c5 Nxa5 Bd8 Nc4 Bc7 e5 Qd5+ f3 Kf7 Kh2 Re8 f4 Rd8 Rd3 Ke6 Qg2 Qxg2+ Kxg2 Kd5 Kf3 Rf8 Rd1 Rf7 a5 Rf8 Re1 Ke6 Ke4 Ra8 Rg1 Ra7 g4 hxg4 Rxg4 Bxa5 Rxg6+ Kf7 Rf6+ Kg7 f5 Bd8 Rg6+ Kf8 h5 Ra2 Rd6 Re2+ Kd5 d3 Ke6 Bh4 Rxd3 Kg7 f6+ Kh6 f7 Rf2 Rd6 Kxh5 Ne3 Kg6 Nf5,44.233333333333334
elsas,M,dNCgtj21,2513.0,MarkusMaischberger,True,True,outoftime,48,45.0,B22,"Sicilian Defense: Alapin Variation, Barmen Defense",1765402607898,e4 c5 c3 d5 exd5 Qxd5 d4 Nc6 Nf3 Nf6 Be3 e6 c4 Qd6 dxc5 Qxd1+ Kxd1 Ng4 Bd3 Nxe3+ fxe3 Bxc5 Ke2 e5 Nc3 Bg4 h3 Bh5 Ne4 Be7 g4 Bg6 Nc3 Bxd3+ Kxd3 O-O-O+ Ke2 h5 g5 h4 Nd5 Bc5 e4 Nd4+ Nxd4 Bxd4 Rab1 Rh5 g6 fxg6 Rbf1 Rg5 Rh2 Bg1 Rh1 Rg2+ Kd3 Bd4 b4 Rxa2 c5 b5 cxb6 axb6 Kc4 Re2 Re1 Rxe1 Rxe1 Rf8 Kb5 Rf3 Rc1+ Kd8 Kc6 Rxh3 Rf1 Rc3+ Kd6 Kc8 Rf8+ Kb7 Rf7+ Ka6 Nxc3 Bxc3 Rxg7 Bxb4+ Kd5 Bc3 Rxg6 Kb5 Rh6 Be1 Kxe5 Bg3+ Kd4,71.20833333333333
elsas,M,Rxwai4vO,2619.0,blindcrocodile,False,True,outoftime,48,45.0,A15,English Opening: Anglo-Indian Defense,1765402219741,c4 Nf6 g3 g6 Bg2 Bg7 Nc3 d6 Nf3 O-O O-O e5 d3 c6 e4 c5 a3 Nc6 Rb1 a5 Bd2 Nd4 Nxd4 cxd4 Ne2 Bd7 f4 Ng4 h3 Ne3 Bxe3 dxe3 Qc1 Qb6 Rf3 exf4 gxf4 f5 Qxe3 Qb3 e5 dxe5 fxe5 Rae8 d4 Qxc4 Qb3 Be6 Qxc4 Bxc4 Nf4 Rd8 b3 Bb5 Ne6 Kf7 Nxf8 Bxf8 Rf4 Ke6 Re1 Rxd4 Rxd4 Bc5 Kh1 Bxd4 Bxb7 Bxe5 b4 axb4 axb4 f4 Rc1 g5 Bc6 Bd3 b5 h5 b6 g4 hxg4 hxg4 b7 f3 Re1 Be2 Kg1 Bd4+ Kh2 Kf5 b8=Q Be5+ Qxe5+ Kxe5 Kg3 Kd4,82.825
elsas,M,NtxBDBw6,2434.0,Weak_player28,True,False,draw,62,31.0,C56,"Italian Game: Scotch Gambit, Max Lange Attack",1765401827752,e4 e5 Nf3 Nc6 d4 exd4 Bc4 Nf6 e5 d5 Bb5 Ne4 Nxd4 Bc5 c3 O-O Bxc6 bxc6 O-O Bd7 f3 Ng5 f4 Ne4 Be3 Qe7 Nd2 Nxd2 Qxd2 f6 e6 Bxd4 Bxd4 Bxe6 Rae1 Qd7 Qf2 Bf5 Bxa7 Be4 a3 Rfe8 Bc5 h5 h3 Qf5 Kh2 Kf7 Ra1 Ra4 b3 Ra5 a4 Rea8 Bb4 R5a7 a5 Qg6 Rfe1 c5 Bxc5 Rxa5 Rxa5 Rxa5 Be3 Ra3 f5 Qxf5 Qxf5 Bxf5 Rf1 Be4 Bd4 Rxb3 Rf2 Ke6 Kg3 Kd6 Kh4 c5 Be3 Rxc3 Bf4+ Ke6 Kxh5 Kf5 Bd2+ Ke5 Bxc3+ d4 Bb2 c4 Bc1 c3 Bf4+ Kd5 g4 d3 g5 fxg5 Kxg5 Kd4 h4 g6 Kf6 Kd5 Be3 Kc4 Ke5 Bc6 Rf1 d2 Bxd2 cxd2 Rd1 Kd3 Kf6 Be4 Kg5 Ke2 Rxd2+ Kxd2 h5 gxh5 Kxh5,49.85
elsas,M,LGLoKNWW,2525.0,Avicii1995,False,False,resign,60,56.0,C48,"Four Knights Game: Spanish Variation, Classical Variation",1765376666374,e4 e5 Nf3 Nc6 Bb5 Nf6 Nc3 Bc5 O-O d6 d4 exd4 Bxc6+ bxc6 Nxd4 Bd7 Be3 Bb6 Qf3 Ng4 Nxc6 Bxc6 Qxg4 O-O Bg5 f6 Bh6 Rf7 Nd5 Kh8 Nxb6 axb6 Bd2 Qe8 f3 Bd7 Qf4 Qe5 Qxe5 fxe5 h4 h6 Kf2 Be6 a3 Kg8 Ke3 Kf8 Rfd1 Ke7 Be1 Kd7 Kd2 b5 Kc3 c6 Bd2 d5 exd5 cxd5 b3 Kc6 Kb2 d4 Bb4 Rf4 Re1 Kd5 Rh1 Rc8 Rad1 e4 fxe4+ Rxe4 Rd2 Bf5 Rf1 Ke5 g3 g6 Rfd1 Rd8 Ba5 Rd7 Bb6 Rg4 Re1+ Kf6 Red1 Ke5 a4 b4 a5 d3 cxd3 Rxg3 a6 Be6 a7 Bd5 d4+ Kd6 Rd3 Rxd3 Rxd3 Ba8 Bc5+ Kc6 Re3 Kb7 Re6 Rg7 Rb6+ Kc7 Rb8 Bd5 a8=Q Bxa8 Rxa8 g5 Ra7+,51.85
elsas,M,UIK8be8p,2572.0,masimagi,True,False,resign,59,52.0,A56,Benoni Defense: Hromádka System,1765313179051,d4 Nf6 c4 c5 d5 d6 Nc3 g6 e4 Bg7 f3 O-O Be3 e6 Bd3 exd5 cxd5 Na6 Nge2 Nc7 O-O a6 a4 Rb8 Qd2 b5 axb5 axb5 Ra7 b4 Nd1 Nb5 Bxb5 Rxb5 b3 Nd7 Nb2 Ne5 Rfa1 f5 Rxg7+ Kxg7 Bh6+ Kg8 Bxf8 Qxf8 Ra8 fxe4 fxe4 Rb7 Ng3 Qd8 h3 Qc7 Kh2 Rb8 Rxb8 Qxb8 Qf4 Qc7 Qf6 Nf7 Nc4 Ba6 Ne3 Qd8 Qxd8+ Nxd8 Kg1 Nf7 Kf2 Ne5 Ke1 h5 Kd2 Kg7 Nh1 Kf6 Nf2 Kg5 g3 h4 gxh4+ Kxh4 Nfg4 Nf3+ Kc2 Kg3 Nf6 Kxh3 Ne8 Nd4+ Kb2 Nb5 Nc4 g5 Nexd6 g4 Nf5 g3 Nxg3 Kxg3 e5 Nc3 e6 Nxd5 Nd6 Kf4 Kc2 Ke5 Nc4+ Bxc4 bxc4 Kxe6 Kb3 Nb6 Kb2 Nxc4+,231.75833333333333
kasparovsabe,M,1RYbmRkV,2440.0,firlus,True,False,outoftime,69,70.0,A13,English Opening: Agincourt Defense,1765808425168,c4 e6 Nc3 d5 g3 Nf6 Bg2 Be7 Nf3 O-O O-O d4 Nb1 c5 e3 Nc6 exd4 cxd4 Re1 Nd7 d3 e5 Na3 f6 Nc2 a5 Na3 Nc5 Nb5 Bf5 Bf1 Qd7 Nh4 Bh3 Bxh3 Qxh3 Qf3 Qd7 Nf5 Rae8 Bd2 g6 Nxe7+ Rxe7 Re2 f5 Qd5+ Qxd5 cxd5 Nb4 Bxb4 axb4 d6 Re6 Rd1 b6 Nc7 Rxd6 Rxe5 Rd7 Ne6 Rc8 Ng5 Ra8 a3 bxa3 bxa3 Rxa3 Rb1 Ra6 h4 Nxd3 Re8+ Kg7 h5 gxh5 Rb8 Ne5 Ne6+ Kf6 Nf4 d3 R8xb6+ Rxb6 Rxb6+ Kf7 Rb1 d2 Rd1 h4 gxh4 Nf3+ Kf1 Nxh4 Ke2 Ng6 Ng2 Kf6 Rxd2 Rxd2+ Kxd2 Ke5 Ke3 f4+ Kf3 Kf5 Ke2 Kg4 Kf1 Ne5 Ne1 h5 Kg2 h4 Kh2 f3 Nc2 Nd3 Ne3+ Kf4 Nd5+ Ke4 Nf6+ Kf5 Nd5 Nxf2 Kg1 Ng4 Kf1 h3 Ne3+ Kf4 Nxg4 Kxg4 Kg1 Kg3 Kh1 Kf4,69.93333333333334
kasparovsabe,M,SUSlI8fT,2416.0,Gaz-to-SHazz,False,True,outoftime,52,50.0,B23,Sicilian Defense: Closed,1765764481022,e4 c5 Nc3 a6 f4 b5 Nf3 Bb7 d4 cxd4 Qxd4 Nc6 Qf2 Rc8 Bd3 e6 O-O Nb4 f5 Nf6 h3 Qc7 Be3 h5 Ng5 Bd6 a3 Bg3 Qf3 Nxd3 cxd3 Bh2+ Kh1 Ng4 hxg4 hxg4 Qxg4 Bf4+ Nh3 Bxe3 Qxg7 Rf8 Rae1 Bd2 fxe6 dxe6 Re2 Bxc3 bxc3 Qxc3 d4 Qd3 Rfe1 Rc2 Rxc2 Qxc2 d5 Qd2 Qg3 Qa5 Qb8+ Qd8 Qxb7 Qd7 Qa8+ Qd8 Qxa6 Rh8 dxe6 fxe6 Qxe6+ Qe7 Qc6+ Qd7 Qg6+ Qf7 Qc6+ Qd7 Qg6+ Kd8 Qf6+ Kc7 Qxh8 Qd2 Qa1 Kb6 Qc1 Qa2 Qe3+ Ka6 Qc3 Qe6 Rd1 Qb6 Qd4 Qc6 Qd6 Qxd6 Rxd6+ Ka5 Rd4 Kb6 Rb4 Kc5,250.03333333333333
kasparovsabe,M,CiDPBl6V,2462.0,ChessStar777,False,True,resign,37,48.0,C01,French Defense: Exchange Variation,1765764140168,e4 e6 d4 d5 exd5 exd5 Bf4 Bd6 Qd2 Ne7 Nc3 c6 O-O-O Bf5 f3 Bg6 g4 Bxf4 Qxf4 Nd7 h4 h5 g5 Qb8 Qd2 Qd6 Nge2 O-O-O Bh3 Bf5 Bxf5 Nxf5 Nf4 g6 Nce2 Rhe8 Kb1 Re7 Nd3 Rde8 f4 Rxe2 Qa5 a6 Ne5 Nxe5 fxe5 Qc7 Qb4 Re4 c3 c5 Qa4 c4 Qxe8+ Qd8 Qxf7 Re2 Qxg6 Ng3 Qe6+ Kb8 Rhg1 Ne4 g6 Qa5 Qe8+ Ka7 Qf8 Nxc3+ Kc1 Nxa2+ Kb1 Nc3+,50.95454545454545
kasparovsabe,M,X7kI6hy4,2335.0,g3rm4n,False,True,outoftime,52,6.0,C29,"Vienna Game: Vienna Gambit, Bardeleben Variation",1765763236490,e4 e5 Nc3 Nf6 f4 d5 fxe5 Nxe4 Qf3 f5 exf6 Nxf6 h3 Bd6 d4 O-O Bg5 h6 Bxf6 Rxf6 Qe2 Re6 O-O-O Rxe2 Bxe2 c6 Bf3 Bf5 Nge2 Nd7 Rhf1 Bg6 Rde1 Qg5+ Kb1 Rf8 Rh1 Qd2 Rc1 Nb6 Rhd1 Qg5 Re1 Nc4 Rcd1 Nd2+ Ka1 Nxf3 g3 Nxe1 Rxe1 Bxc2 a3 Bd3 h4 Qd2 Rd1 Qxd1+ Nxd1 Bxe2 Nc3 Bf3 b4 Bxg3 b5 Bf2 bxc6 Bxd4 Kb2 bxc6 Kc2 Bxc3 Kxc3 c5 Kb3 Bd1+ Kb2 Ba4 h5 Rf5 Kc3 Rxh5 Kd3 Re5 Kd2 a5 Kd3 Bc6 Kd2 a4 Kd3 Kf7 Kd2 Ke6 Kd3 Kd6 Kd2 Kc7 Kd3 Kb6 Kd2 Kb5 Kd3 h5,35.141666666666666
kasparovsabe,M,Rm23Bj6e,2278.0,Alex120999,False,False,mate,27,70.0,C42,Petrov's Defense: Classical Attack,1765371037121,e4 e5 Nf3 Nf6 d4 Nxe4 Nxe5 d6 Nf3 d5 Bd3 Bf5 O-O Bd6 Re1 O-O c4 c6 Qc2 Re8 Nc3 Nxc3 Bxf5 Rxe1+ Nxe1 Qe7 Bxh7+ Kh8 Be3 dxc4 Qxc3 Kxh7 Qxc4 Nd7 Nf3 Nf6 Ng5+ Kg8 Nf3 Nd5 Re1 Qc7 a3 Re8 h3 a6 b4 Bf8 Kf1 Nb6 Qd3 Qd7 Ng5 f6 Qh7#,67.86111111111111
kasparovsabe,M,gjZoq5E9,2532.0,make-a-man-miss,True,False,resign,36,48.0,A11,English Opening: Caro-Kann Defensive System,1765329986577,c4 c6 Nc3 d5 cxd5 cxd5 d3 Nf6 Nf3 Nc6 g3 e5 Bg2 Bd6 Nd2 Be6 Nf3 O-O Ng5 Rc8 Nxe6 fxe6 O-O a6 Bd2 Bc5 Rc1 Ba7 h3 b5 Kh2 b4 Na4 Qd6 e3 a5 b3 h5 Kg1 h4 g4 e4 dxe4 Nxe4 Bxe4 dxe4 Be1 Qe7 Kg2 Ne5 Rxc8 Rxc8 Qe2 Nf3 Qa6 Rc1 Bxb4 Rxf1 Kxf1 axb4 Nb2 Qd7 Qc4 Nd2+ Kg2 Nxc4 Nxc4 Qd3 Ne5 Qc2 Ng6 Bxe3,63.20754716981132
kasparovsabe,M,EK8Nn8jx,2355.0,Evyamat,False,False,outoftime,66,51.0,A14,"English Opening: Agincourt Defense, Neo-Catalan Declined",1765329300672,c4 e6 g3 d5 Bg2 Nf6 Nf3 Be7 O-O O-O Qc2 c6 b3 b5 Bb2 Ba6 d3 Nbd7 Nbd2 Bb7 Rad1 a6 e4 Qa5 Ba1 Rac8 Rfe1 Rfd8 Re2 Nf8 Bc3 Qb6 Bd4 Qa5 Bc3 Qb6 Ne5 d4 Bb2 c5 Bc1 b4 f4 a5 Ndf3 a4 Nh4 Ra8 h3 axb3 axb3 Ra1 f5 N6d7 Nxd7 Nxd7 fxe6 fxe6 Nf3 Rf8 Bf4 Rxd1+ Qxd1 Qa5 Ng5 e5 Bd2 Qa6 Rf2 Rxf2 Kxf2 h6 Nf3 Qa2 Kg1 Bf6 Be1 Nb8 Nd2 Nc6 Qb1 Qxb1 Nxb1 Na5 Nd2 Bg5 Nf3 Bf6 Nd2 Bg5 Nf3 Nxb3 Nxe5 Nc1 Bf3 b3 Bd1 b2 Bc2 Be3+ Kf1 Bc8 Ng4 Bg5 Ba5 h5 Nf2 Be3 Nd1 Bxh3+ Ke1 Bg5 Nxb2 Bg4 Kf1 h4 gxh4 Bxh4 Kg2 Bg5 Bd1 Bxd1 Nxd1 Nxd3 Nf2 Nf4+ Kf3 d3 Kg3 Ne2+ Kf3 d2 Nd1,49.875
kasparovsabe,M,6wuU0lDk,2550.0,Liu_wenqin,False,False,mate,18,57.0,D35,"Queen's Gambit Declined: Exchange Variation, Positional Variation",1765248649322,d4 Nf6 c4 e6 Nc3 d5 cxd5 exd5 Bg5 c6 e3 h6 Bh4 Nbd7 Bd3 Be7 Bg3 O-O h3 a5 Nf3 Nb6 O-O Bd6 Ne5 a4 Rc1 a3 b3 Re8 f4 Bf8 Qc2 Nh5 Bh7+ Kh8 Nxf7#,15.166666666666666
kasparovsabe,M,SwXhYEfX,2386.0,Sandovalosky,True,True,resign,24,61.0,A15,"English Opening: Anglo-Indian Defense, Old Indian Formation",1765248316631,Nf3 Nf6 c4 d6 e3 g6 Nc3 Bg7 h4 O-O h5 Bg4 hxg6 fxg6 Be2 e5 c5 Nc6 Qb3+ d5 Qxb7 Na5 Qa6 Bxf3 Qe6+ Kh8 Bxf3 e4 Be2 Rb8 b3 Nd7 Bb2 Nxc5 Qh3 h6 Nxd5 Qd7 Qxh6+ Kg8 Qh7+ Kf7 Qxg7+ Ke8 Nxc7+ Kd8 Qxf8+ Kxc7 Be5+,379.76666666666665
kasparovsabe,M,OtmDbXdg,2416.0,BloodShack1971,False,True,mate,49,15.0,A15,"English Opening: Anglo-Indian Defense, Queen's Indian Formation",1765245308899,c4 Nf6 Nf3 e6 g3 b6 Bg2 Bb7 O-O Be7 b3 O-O d3 c5 Bb2 d5 e3 Nc6 Nc3 Rc8 Qe2 a6 Rfd1 d4 Ne4 Nxe4 dxe4 e5 exd4 cxd4 Bh3 Rb8 Ne1 Kh8 Nd3 f6 a3 Na5 Qc2 Bxe4 b4 Nb7 Rac1 Nd6 Qb3 Qe8 Bg2 Bxg2 Kxg2 Qc6+ Kg1 Qf3 Nc5 Qxb3 Nxb3 Rfc8 f3 Rxc4 Rxc4 Nxc4 Bc1 b5 Kf2 Kg8 Ke2 Kf7 Kd3 Ke6 f4 Kd5 fxe5 fxe5 Rf1 e4+ Ke2 d3+ Kd1 Bf6 Nc5 Bd4 Rf5+ Ne5 Nxa6 Rc8 Bf4 e3 Nc5 e2+ Kd2 Bc3+ Kxc3 e1=Q+ Bd2 Qa1+ Kb3 Qb1+ Kc3 Qc2#,53.49166666666667
kasparovsabe,M,xVmb2bde,2336.0,HiddenPeach,True,False,mate,53,33.0,A05,King's Indian Attack: Symmetrical Defense,1765243480584,Nf3 Nf6 g3 g6 Bg2 Bg7 O-O O-O d4 c5 c4 cxd4 Nxd4 Nc6 Nc3 d6 Nxc6 bxc6 Bxc6 Rb8 Bg2 Qa5 Bd2 Rxb2 Ne4 Qc7 Bc3 Nxe4 Bxg7 Rd2 Qc1 Kxg7 Bxe4 Rxe2 Bf3 Re5 Qc3 Be6 Rac1 Rc8 Be2 Kg8 Bd3 Rc5 Rfe1 d5 Qa3 dxc4 Bc2 Ra5 Qb2 Qb6 Qc3 Rxa2 Rb1 Qa5 Qxa5 Rxa5 Rb7 Kf8 h4 c3 h5 Ra2 Rc1 Bd5 Rd7 e6 h6 a5 f4 a4 Kf2 Bb3 Ke3 Rxc2 Ra1 Ra2 Rc1 c2 Ke4 Rb2 Ke5 Rc5+ Ke4 Rb1 Rxc2 Bxc2+ Ke3 Re1+ Kf2 Rc1 Rd8+ Ke7 Rh8 a3 Rxh7 a2 Rh8 a1=Q Rb8 Rf1+ Ke3 Qc3+ Ke2 Qe1#,46.025
kasparovsabe,M,EDZPpImK,2374.0,Allshad,True,True,outoftime,42,41.0,B01,Scandinavian Defense: Modern Variation,1765242737376,e4 d5 exd5 Nf6 Nc3 Nxd5 Qf3 c6 Nxd5 Qxd5 Qxd5 cxd5 d4 Nc6 c3 Bf5 h3 a6 Nf3 e6 Be2 Bd6 O-O O-O Be3 b5 a3 Rfb8 Nh4 Be4 f3 Bc2 Rfc1 Bb3 f4 Na5 f5 Bc4 Bd1 Bd3 fxe6 fxe6 Nf3 Nc4 Bf2 Nxb2 Ne5 Bxe5 dxe5 Be4 Bg4 Bf5 Bxf5 exf5 Bd4 Kf7 e6+ Kxe6 Re1+ Kd7 Re5 Nd3 Rxf5 Kc6 Bxg7 Rg8 Bd4 Raf8 Raf1 Rxf5 Rxf5 Re8 Kh2 Re2 h4 Ne1 Rg5 Nf3+ Kg3 Nxg5 hxg5 Kd6 g6 Ke6 gxh7,66.70833333333333
kasparovsabe,M,JSwShcNx,2409.0,Matthew-Fishbein,True,True,outoftime,42,30.0,D85,"Grünfeld Defense: Exchange Variation, Modern Exchange Variation",1765242399280,d4 Nf6 c4 g6 Nc3 d5 cxd5 Nxd5 e4 Nxc3 bxc3 Bg7 Nf3 O-O Be3 c5 Be2 b6 h4 Bb7 Qc2 h5 Rd1 Qc7 d5 Nd7 c4 Ne5 Ng5 Bc8 Qd2 e6 d6 Qd7 f4 Nc6 e5 Bb7 O-O Rad8 Qc2 Qe8 Bxh5 Nxe5 fxe5 Bxe5 Bf3 Bxf3 Rxf3 Rxd6 Rxd6 Bxd6 h5 Kg7 hxg6 fxg6 Rxf8 Kxf8 Qf2+ Ke7 Ne4 Be5 Bg5+ Kd7 Nf6+ Bxf6 Qxf6 e5 Qg7+ Kc6 Qxa7 Qg8 Qa4+ Kc7 Qc2 Qe6 Qe4 Qd6 Kh2 Qe6 Bh4 Qd6 Bg3 Qe6 Qxe5+,75.88333333333334
kasparovsabe,M,ZXdkmh4P,2330.0,ZEWS,False,True,resign,33,55.0,C42,Petrov's Defense,1764765150994,e4 e5 Nf3 Nf6 d3 d5 Nxe5 dxe4 d4 Nbd7 Nxd7 Bxd7 Be2 Bd6 O-O h6 h3 c6 c4 Bc7 Nc3 Bf5 d5 Qd6 f4 exf3 Bxf3 Qh2+ Kf2 O-O Be3 Rfe8 dxc6 Rxe3 Kxe3 Bb6+ Ke2 Re8+ Ne4 Nxe4 Qd7 Bxd7 cxd7 Nc3+ Kd3 Qd6+ Kxc3 Re3+ Kc2 Qd3+ Kc1 Qxd7 Bd5 Re7 Kc2 Kh8 Rad1 Qa4+ Kb1 Bc5 Bxf7 Bb6 Bd5 Re2 c5 Qc2+ Ka1,86.54166666666667
kasparovsabe,M,OhB6OHFu,2382.0,Sello-Mahlangu,False,False,draw,33,36.0,D35,"Queen's Gambit Declined: Exchange Variation, Positional Variation",1764764891190,d4 Nf6 c4 e6 Nc3 d5 cxd5 exd5 Bg5 c6 e3 Be7 Bd3 Nbd7 Nge2 h6 Bh4 Nh5 Bxe7 Qxe7 Qc2 O-O O-O-O Nhf6 Rhg1 b5 g4 Ne8 Kb1 Nd6 Ng3 Nb6 Nf5 Bxf5 gxf5 Rfc8 Rg2 Nbc4 Rdg1 Ne8 Ne2 Qb4 Ka1 Kf8 f6 gxf6 Rg8+ Ke7 Ng3 Ncd6 Nf5+ Nxf5 Bxf5 Rc7 a3 Qc4 Qb1 b4 Bd3 Qb3 Bc2 Qc4 Bd3 Qb3 Bc2 Qc4 Bd3,57.083333333333336
kasparovsabe,M,oB0CuI7c,2278.0,Strekoz,True,True,resign,23,17.0,A40,Horwitz Defense,1764762960676,d4 e6 Nf3 d5 g3 Nf6 Bg2 Be7 O-O O-O c4 Ne4 cxd5 exd5 Nc3 Nxc3 bxc3 Nd7 Qc2 Nf6 c4 c6 cxd5 Nxd5 e4 Nf6 h3 h6 a4 b6 a5 Ba6 Re1 Bb5 Bd2 Re8 Bc3 Bf8 Ne5 c5 Qb3 cxd4 Nxf7 Qc7 Nd6+ Kh7 Nxb5,40.857142857142854
kasparovsabe,M,xnrmdGYu,2405.0,YouBlunderAnyWay,True,False,mate,36,43.0,A31,"English Opening: Symmetrical Variation, Anti-Benoni Variation",1764761697384,c4 c5 Nf3 Nf6 d4 d5 cxd5 cxd4 Qxd4 Qxd5 Nc3 Qxd4 Nxd4 a6 g3 e6 Bg2 Be7 Bf4 O-O O-O-O Nbd7 h3 Re8 Nb3 Nc5 Nxc5 Bxc5 Bd6 Bxf2 Kb1 h5 Rhf1 Ba7 e4 e5 Rxf6 gxf6 Nd5 Kg7 Rf1 Re6 Nxf6 Bd4 Nxh5+ Kg6 Bf8 Kxh5 Rf5+ Kg6 Bf3 Kh7 Bb4 Kg8 Bh5 f6 g4 Rb6 Bd2 Bxf5 gxf5 Rxb2+ Kc1 Rc8+ Kd1 Rcc2 Bh6 Rh2 Bf3 Rhf2 Bc1 Rf1#,400.8018867924528
kasparovsabe,M,xzSkKRYq,2346.0,jrivelli1993,False,True,outoftime,72,41.0,C42,Petrov's Defense: Three Knights Game,1764761192380,e4 e5 Nf3 Nf6 Nc3 Bb4 Bc4 O-O d3 d5 exd5 Nxd5 O-O Nxc3 bxc3 Bxc3 Rb1 Nc6 h3 h6 Nd2 Bd4 Ne4 Bb6 c3 Na5 Bb5 a6 Ba4 Bf5 Qf3 Bg6 Ba3 Nc6 Bxf8 Qxf8 Bb3 Rd8 Rbd1 Kh7 h4 f5 h5 Be8 Ng3 Bd7 Bc2 Kh8 Rfe1 Ba5 d4 e4 Qe3 Re8 Ne2 Ne7 Nf4 c6 Rf1 Bc7 c4 Qf7 d5 cxd5 cxd5 Bd6 Bb3 Bb5 Rfe1 Qf6 Ne6 Qh4 Qh3 Qxh3 gxh3 Ng8 Rc1 Nf6 Nc7 Rd8 Nxb5 axb5 f3 Bf4 fxe4 Bxc1 Rxc1 fxe4 Rc7 Nxd5 Rxb7 Nf4 Rxb5 Nxh3+ Kg2 Nf4+ Kf2 Re8 Ke3 Ng2+ Ke2 e3 Bf7 Nf4+ Kf3 e2 Bxe8 e1=Q Rb8 Qe2+ Kxf4 Qh2+ Kf5 Qxb8 Bg6 Qb5+ Ke6 Qa5 Kf7 Qa3 Ke6 Qxa2+ Ke7 Qa4 Kf8 Qa5 Kf7 Qb6 Ke7 Qc7+ Ke6 Qb8 Kf5 Qa7 Ke4 Qb6 Kf3 Qc5 Kg4 Qd5 Bf5 Qd4+ Be4 Qe3,66.3
kasparovsabe,M,tcBx6drc,2639.0,kakulia14,False,False,outoftime,34,44.0,C42,"Petrov's Defense: Damiano Variation, Kholmov Gambit",1764760697837,e4 e5 Nf3 Nf6 Nxe5 Nxe4 Qe2 Qe7 Qxe4 d6 d4 dxe5 dxe5 Nc6 Bf4 g5 Bg3 f5 Qf3 f4 Nc3 fxg3 O-O-O g4 Qxg3 Bh6+ Kb1 O-O Bc4+ Kh8 e6 Qg7 Rhe1 Bf4 Qd3 Ne5 Qe4 Nxc4 Qxc4 Bd6 Nb5 Re8 Nxd6 cxd6 Rxd6 b6 a3 b5 Qxb5 Qe7 Re4 a6 Qc5 Rb8 Rxg4 Qf6 Qd4 Qxd4 Rgxd4 Bxe6 b3 Bf5 Rd2 Rxb3+ Ka2 Rc3 Kb2 Rec8 Rd8+,110.76
kasparovsabe,M,134c7AJU,2307.0,Pictures_of_You,True,True,outoftime,40,17.0,A45,Indian Defense,1764759873930,d4 Nf6 Bf4 c5 c3 Qb6 Qc1 cxd4 cxd4 Nc6 e3 e5 dxe5 Bb4+ Nc3 Ne4 Bd3 g5 Bxe4 gxf4 exf4 Qd4 Qe3 Bxc3+ bxc3 Qa4 Nf3 Rg8 O-O h6 Nd4 b6 Nf5 d5 Nd6+ Kf8 Bxd5 Be6 Bxe6 fxe6 f5 Qg4 Qxh6+ Ke7 Qxe6+ Kd8 g3 Kc7 Qf7+ Kd8 Qf6+ Kc7 Qf7+ Kd8 Qd5 Kc7 Nb5+ Kb7 Qd7+ Ka6 Qxc6 Rac8 Nc7+ Rxc7 Qxc7 Qxf5 Qc4+ b5 Qc6+ Ka5 a4 b4 cxb4+ Kxb4 Rab1+ Ka5 Qc5+ Ka6 Qc4+ Ka5 Rfe1,511.0833333333333
pollocuba2019,M,pD02Wpk2,2315.0,ztl123,True,False,resign,25,77.0,A06,Nimzo-Larsen Attack: Classical Variation,1731037206089,Nf3 d5 b3 f6 Bb2 e5 g3 c5 Bg2 Nc6 O-O Bd6 e3 Nge7 d4 cxd4 exd4 e4 Nfd2 O-O c4 f5 Nc3 Be6 Re1 Nxd4 Nxd5 Bxd5 cxd5 Nb5 Nc4 Nc7 f3 b5 Nxd6 Qxd6 fxe4 fxe4 Rxe4 Rad8 Rg4 Nf5 Qf3 Nxd5 Rd1 Qc5+ Bd4 Nxd4 Rgxd4 Rxf3,115.35483870967742
pollocuba2019,M,3uggoy5B,2333.0,cbajedrez,True,False,outoftime,35,30.0,A06,Zukertort Opening,1724705100146,Nf3 d5 e3 c5 b3 Bg4 Bb2 Nf6 h3 Bxf3 Qxf3 e6 g4 Nc6 g5 Ne4 h4 a6 Bd3 Nd6 Qg2 Nb4 h5 Nxd3+ cxd3 c4 dxc4 dxc4 Nc3 cxb3 axb3 Be7 f4 O-O Ne4 Nxe4 Qxe4 Qd5 Qxd5 exd5 Bd4 Rfc8 Ke2 Rc6 Kd3 Rac8 Ra5 Bc5 Bc3 Rd8 h6 Bb6 Raa1 gxh6 Rxh6 Rxh6 gxh6 Rd6 Rg1+ Rg6 Rh1 Kf8 Be5 Ke8 f5 Rg2 Bf4 Kd7 Rb1 Kc6,55.98039215686274
pollocuba2019,M,YACDdubA,2206.0,Kovylkino,True,True,mate,64,10.0,D02,Queen's Pawn Game: Chigorin Variation,1720739116785,Nf3 Nc6 d4 d5 Bf4 Bg4 e3 e6 h3 Bh5 c4 Bd6 Bxd6 Qxd6 Nc3 a6 Qb3 dxc4 Bxc4 Qb4 g4 Bg6 Qxb4 Nxb4 O-O-O O-O-O Ne5 h5 Nxg6 fxg6 Bxe6+ Kb8 d5 Nf6 a3 Na2+ Nxa2 Ne4 Rhf1 hxg4 Bxg4 Rhf8 f3 Ng5 e4 Rh8 Nc3 Nxh3 Rh1 Nf4 Rxh8 Rxh8 d6 cxd6 Rxd6 Rh1+ Kc2 Rh2+ Kb3 Rh7 e5 Kc7 Ne4 Rh8 Nc5 Rb8 Ne6+ Nxe6 Rxe6 g5 Re7+ Kc6 Rxg7 Kd5 Rxg5 b5 e6+ Kd6 Rg7 Re8 e7 a5 Bh5 Rxe7 Rxe7 Kxe7 a4 b4 Kc4 Kd6 Kb5 Kd5 Kxa5 Kc4 Bf7+ Kc5 b3 Kd6 Kxb4 Ke7 a5 Kxf7 a6 Kf6 a7 Kf5 a8=Q Kf4 Qe4+ Kg3 f4 Kg4 f5+ Kg5 Qe6 Kh5 f6 Kg6 f7+ Kg7 Qe8 Kh7 Qg8+ Kh6 f8=Q+ Kh5 Qf5+ Kh6 Qh3#,202.18333333333334
pollocuba2019,M,7YyRPTSn,2333.0,najaro,False,True,mate,40,44.0,A10,English Opening,1704151463341,c4 b6 Nf3 Bb7 Nc3 Nf6 d3 d5 cxd5 Nxd5 g3 g6 Bg2 Bg7 O-O Nxc3 bxc3 Bxc3 Bh6 Nd7 Rc1 Bf6 e4 e5 d4 c5 dxe5 Nxe5 Qb3 Qd3 Qa4+ Qd7 Qc2 O-O-O Nxe5 Bxe5 Rfd1 Qe7 Be3 Rxd1+ Rxd1 Rd8 f4 Rxd1+ Qxd1 Bd4 Bxd4 Qd7 Bh3 Qxh3 Bf6 Qd7 Qe2 Qa4 Qd2 Qd7 Qe2 Qe6 e5 Qd5 Kf2 Kc7 Ke1 a6 g4 Bc8 Kf2 b5 Kg3 Bb7 f5 Qe4 Qf2 h5 Qxc5+ Bc6 gxh5 gxh5 Qf2 Qg4#,61.75
pollocuba2019,M,8ctIFMHp,2358.0,Barbashinigor,False,True,outoftime,51,52.0,A40,Queen's Pawn Game: Modern Defense,1702498860157,d4 g6 c4 Bg7 Nf3 c5 g3 cxd4 Nxd4 Nc6 Nxc6 bxc6 Bg2 Nf6 O-O O-O Nc3 Ba6 b3 d5 Bb2 dxc4 Bxc6 Rb8 Qc2 Qb6 Bf3 Bb7 Na4 Qb4 Bc3 cxb3 axb3 Qb5 Bxb7 Rxb7 Rfb1 Rc8 Qb2 Ne8 Bxg7 Nxg7 Nc3 Qe5 Nd1 Qxb2 Rxb2 Rcb8 Rab1 a5 Ne3 Ne6 Nc4 Rb5 Ra1 Nd4 Rxa5 Rxb3 Rxb3 Rxb3 e3 Nf3+ Kg2 Ne1+ Kf1 Nd3 Ke2 Nb4 Rb5 Kg7 Nb6 Rb2+ Kf3 Nd3 Rxb2 Nxb2 Nc8 Nc4 Nxe7 Ne5+ Ke4 Kf6 Nd5+ Ke6 Nf4+ Kd6 Nd3 f5+ Kd4 Nf3+ Kc3 Nxh2 Nf4 Ng4 Nxg6 Nxf2 Nf4 Ne4+ Kd3 Nxg3 Nd5 h5,43.725
pollocuba2019,M,yLlwO5kX,2346.0,Roenko_Artur,False,False,resign,20,51.0,B22,"Sicilian Defense: Alapin Variation, Barmen Defense",1702498654786,e4 c5 c3 d5 exd5 Qxd5 Nf3 Nf6 Na3 g6 Bc4 Qe4+ Be2 Bg7 d3 Qc6 d4 O-O O-O Nbd7 Re1 b6 Bb5 Qd6 Nc4 Qc7 Rxe7 a6 Bxd7 Bxd7 Nce5 Rfe8 Rxf7 Qd6 Bg5 Bg4 Bxf6 Bxf6 Rxf6 Qxf6 Nxg4,116.5909090909091
pollocuba2019,M,RmfAIZ7k,2444.0,Toljab17,True,True,outoftime,33,57.0,A11,"Réti Opening: Anglo-Slav Variation, Gurevich System",1700439790045,Nf3 d5 e3 c6 c4 Nf6 Nc3 e6 b3 Be7 Bb2 b6 Qc2 Bb7 Be2 Nbd7 g4 Rc8 g5 Ng8 h4 e5 cxd5 cxd5 Qf5 g6 Qg4 h5 Qg3 d4 exd4 exd4 Nb5 Bc5 Nd6+ Bxd6 Qxd6 Nc5 Qxd4 Qe7 O-O Rh7 Bb5+ Kf8 Rfe1 Qd8 Re8+ Qxe8 Bxe8 Rxe8 Re1 Bxf3 Rxe8+ Kxe8 Qe3+ Be4 d4 Ne6 Qxe4 Kd7 Qb7+ Ke8 d5 Nd8 Qxa7 Ne7 Qxb6,75.88541666666667
pollocuba2019,M,DhDti0mi,2433.0,matvei2018,False,True,resign,45,36.0,A05,Zukertort Opening,1699363340458,Nf3 Nf6 g3 b6 b3 Bb7 Bg2 g6 O-O Bg7 Bb2 O-O d4 d6 c4 e6 Nc3 Nbd7 Re1 a5 e4 e5 d5 Nc5 a3 h6 b4 Na6 Qb3 Nh7 Nh4 Bc8 Ne2 Bf6 Nf3 Bg7 Nh4 Bf6 Nf3 Be7 Bc1 Kg7 Qe3 Ng5 Nxg5 hxg5 f4 gxf4 gxf4 exf4 Nxf4 Bf6 Rb1 axb4 axb4 Rh8 Re2 Be5 Bb2 Qh4 Bxe5+ dxe5 Nd3 Qxh2+ Kf2 Qh4+ Kf1 Bg4 Rf2 f6 c5 bxc5 bxc5 Rab8 Rxb8 Rxb8 Bf3 Rb1+ Ne1 Qh3+ Ke2 Bc8 Nd3 Nb4 Nxb4 Rxb4 Qd2 Ba6+ Kd1 Rd4,48.05
pollocuba2019,M,dTQs14qp,2285.0,savel1967,False,True,outoftime,25,42.0,B20,Sicilian Defense: Keres Variation,1697362235288,e4 c5 Ne2 e6 g3 b6 Bg2 Bb7 O-O d5 exd5 Bxd5 d4 Bxg2 Kxg2 Nf6 Be3 Qd5+ Kg1 Nbd7 Nbc3 Qc6 dxc5 Bxc5 Nd4 Bxd4 Bxd4 h5 h4 O-O-O Qe2 Kb7 a4 a6 Rfd1 Ng4 Bxg7 Rhg8 Bd4 f5 Nb5 axb5 axb5 Qe4 Qc4 Rc8 Qa4 Ra8 Qc4 Nde5,81.20967741935483
pollocuba2019,M,JsV50DuX,2520.0,Zazuliak,False,False,resign,31,84.0,E38,"Nimzo-Indian Defense: Classical Variation, Berlin Variation",1697361561438,d4 Nf6 c4 e6 Nc3 Bb4 Qc2 c5 dxc5 a6 Nf3 Qc7 a3 Bxc5 Bg5 b6 e3 Bb7 Be2 Be7 O-O d6 Rfd1 Nbd7 Rac1 Rc8 Bf4 Ne5 Nxe5 dxe5 Bg3 Nd7 b4 O-O f3 f5 Bf2 Bg5 Qd2 Nf6 Qd6 Qf7 Qxb6 Bh6 Rd6 e4 f4 Rfe8 Rcd1 g5 g3 gxf4 exf4 Kh8 Bd4 Bg7 Be5 h5 h4 Ng4 Bxg4 hxg4 Rd7,57.92045454545455
