White,Black,White_Elo,Black_Elo,White_Sex,White_Sex_Source,Black_Sex,Black_Sex_Source,Result,ECO,Opening,Date,PlyCount,RatingDiff,File,Pairing
RaphaeI,mutdpro,2652,2734,M,confirmed,F,confirmed,0-1,D10,Slav Defense #2,2016.11.15,76,-82,lichess_elite_2016-11.pgn,Male vs Female (Confirmed)
Elda64,mutdpro,2833,2738,M,confirmed,F,confirmed,0-1,C11,"French Defense: Classical Variation, Burn Variation, Main Line",2017.02.15,190,95,lichess_elite_2017-02.pgn,Male vs Female (Confirmed)
Elda64,mutdpro,2798,2764,M,confirmed,F,confirmed,1-0,A45,Indian Game,2017.02.15,63,34,lichess_elite_2017-02.pgn,Male vs Female (Confirmed)
Elda64,mutdpro,2795,2767,M,confirmed,F,confirmed,0-1,D00,Queen's Pawn Game #3,2017.02.15,80,28,lichess_elite_2017-02.pgn,Male vs Female (Confirmed)
Elda64,mutdpro,2793,2768,M,confirmed,F,confirmed,0-1,D00,Queen's Pawn Game #2,2017.02.15,168,25,lichess_elite_2017-02.pgn,Male vs Female (Confirmed)
beatles_21,mutdpro,2603,2723,M,confirmed,F,confirmed,1/2-1/2,D01,Richter-Veresov Attack,2017.09.01,128,-120,lichess_elite_2017-09.pgn,Male vs Female (Confirmed)
beatles_21,mutdpro,2599,2730,M,confirmed,F,confirmed,1-0,D01,Richter-Veresov Attack,2017.09.01,103,-131,lichess_elite_2017-09.pgn,Male vs Female (Confirmed)
beatles_21,mutdpro,2605,2718,M,confirmed,F,confirmed,0-1,D00,"Queen's Pawn Game: Veresov Attack, Alburt Defense",2017.09.01,54,-113,lichess_elite_2017-09.pgn,Male vs Female (Confirmed)
RodTwinkz,mlatb,2413,2415,M,confirmed,F,confirmed,0-1,D37,Queen's Gambit Declined: Barmen Variation,2018.01.20,118,-2,lichess_elite_2018-01.pgn,Male vs Female (Confirmed)
Kovalchuk94,mlatb,2515,2351,M,confirmed,F,confirmed,1-0,D00,Queen's Pawn Game: Steinitz Countergambit,2018.02.06,80,164,lichess_elite_2018-02.pgn,Male vs Female (Confirmed)
beatles_21,mlatb,2549,2459,M,confirmed,F,confirmed,1-0,D01,Richter-Veresov Attack,2018.02.28,59,90,lichess_elite_2018-02.pgn,Male vs Female (Confirmed)
Johanssc,mlatb,2432,2325,M,confirmed,F,confirmed,1-0,A00,Grob Opening: Grob Gambit Declined,2018.04.13,125,107,lichess_elite_2018-04.pgn,Male vs Female (Confirmed)
Johanssc,mlatb,2467,2311,M,confirmed,F,confirmed,1-0,C36,"King's Gambit Accepted, Abbazia Defense",2018.04.13,39,156,lichess_elite_2018-04.pgn,Male vs Female (Confirmed)
Johanssc,mlatb,2494,2299,M,confirmed,F,confirmed,1-0,A00,Van't Kruijs Opening,2018.04.13,127,195,lichess_elite_2018-04.pgn,Male vs Female (Confirmed)
Johanssc,mlatb,2516,2288,M,confirmed,F,confirmed,1-0,C55,Italian Game: Deutz Gambit,2018.04.13,41,228,lichess_elite_2018-04.pgn,Male vs Female (Confirmed)
Johanssc,mlatb,2533,2279,M,confirmed,F,confirmed,1-0,A09,Réti Opening,2018.04.13,63,254,lichess_elite_2018-04.pgn,Male vs Female (Confirmed)
Johanssc,mlatb,2528,2281,M,confirmed,F,confirmed,1-0,D10,Slav Defense: Exchange Variation,2018.04.13,23,247,lichess_elite_2018-04.pgn,Male vs Female (Confirmed)
Johanssc,mlatb,2505,2295,M,confirmed,F,confirmed,1-0,D20,Queen's Gambit Accepted: Old Variation,2018.04.13,61,210,lichess_elite_2018-04.pgn,Male vs Female (Confirmed)
Johanssc,mlatb,2503,2296,M,confirmed,F,confirmed,1-0,D10,Slav Defense: Exchange Variation,2018.04.13,79,207,lichess_elite_2018-04.pgn,Male vs Female (Confirmed)
Johanssc,mlatb,2485,2308,M,confirmed,F,confirmed,1-0,A20,English Opening: King's English Variation,2018.04.13,53,177,lichess_elite_2018-04.pgn,Male vs Female (Confirmed)
Johanssc,mlatb,2469,2319,M,confirmed,F,confirmed,1-0,D35,"Queen's Gambit Declined: Exchange Variation, Positional Variation",2018.04.13,61,150,lichess_elite_2018-04.pgn,Male vs Female (Confirmed)
Johanssc,mlatb,2488,2306,M,confirmed,F,confirmed,1-0,A80,Dutch Defense: Krejcik Gambit,2018.04.13,49,182,lichess_elite_2018-04.pgn,Male vs Female (Confirmed)
Johanssc,mlatb,2504,2294,M,confirmed,F,confirmed,1-0,A90,"Dutch Defense: Stonewall Variation, Modern Variation",2018.04.13,67,210,lichess_elite_2018-04.pgn,Male vs Female (Confirmed)
Johanssc,mlatb,2518,2283,M,confirmed,F,confirmed,0-1,C47,"Four Knights Game: Scotch Variation, Belgrade Gambit",2018.04.13,88,235,lichess_elite_2018-04.pgn,Male vs Female (Confirmed)
Johanssc,mlatb,2502,2296,M,confirmed,F,confirmed,0-1,C29,"Vienna Game: Vienna Gambit, Paulsen Attack",2018.04.13,74,206,lichess_elite_2018-04.pgn,Male vs Female (Confirmed)
Johanssc,mlatb,2487,2307,M,confirmed,F,confirmed,1-0,D31,"Semi-Slav Defense: Marshall Gambit, Main Line",2018.04.13,45,180,lichess_elite_2018-04.pgn,Male vs Female (Confirmed)
Johanssc,mlatb,2502,2295,M,confirmed,F,confirmed,1-0,A80,Dutch Defense: Alapin Variation,2018.04.13,65,207,lichess_elite_2018-04.pgn,Male vs Female (Confirmed)
Johanssc,mlatb,2515,2284,M,confirmed,F,confirmed,1-0,C46,Four Knights Game: Gunsberg Variation,2018.04.13,41,231,lichess_elite_2018-04.pgn,Male vs Female (Confirmed)
Johanssc,mlatb,2499,2298,M,confirmed,F,confirmed,1-0,D10,Slav Defense: Exchange Variation,2018.04.13,53,201,lichess_elite_2018-04.pgn,Male vs Female (Confirmed)
Johanssc,mlatb,2498,2298,M,confirmed,F,confirmed,1-0,C56,"Italian Game: Scotch Gambit, Max Lange Attack, Spielmann Defense",2018.04.13,45,200,lichess_elite_2018-04.pgn,Male vs Female (Confirmed)
Johanssc,mlatb,2511,2270,M,confirmed,F,confirmed,1-0,C34,"King's Gambit Accepted, MacLeod Defense",2018.04.15,39,241,lichess_elite_2018-04.pgn,Male vs Female (Confirmed)
Johanssc,mlatb,2522,2260,M,confirmed,F,confirmed,1-0,D10,Slav Defense: Exchange Variation,2018.04.15,55,262,lichess_elite_2018-04.pgn,Male vs Female (Confirmed)
Johanssc,mlatb,2532,2252,M,confirmed,F,confirmed,1-0,C56,"Italian Game: Scotch Gambit, Max Lange Attack, Spielmann Defense",2018.04.15,73,280,lichess_elite_2018-04.pgn,Male vs Female (Confirmed)
Johanssc,mlatb,2541,2244,M,confirmed,F,confirmed,1-0,A01,Nimzo-Larsen Attack: Modern Variation #4,2018.04.15,43,297,lichess_elite_2018-04.pgn,Male vs Female (Confirmed)
Johanssc,mlatb,2549,2236,M,confirmed,F,confirmed,1-0,D10,Slav Defense: Exchange Variation,2018.04.15,51,313,lichess_elite_2018-04.pgn,Male vs Female (Confirmed)
Johanssc,mlatb,2530,2254,M,confirmed,F,confirmed,1-0,D10,Slav Defense: Exchange Variation,2018.04.15,53,276,lichess_elite_2018-04.pgn,Male vs Female (Confirmed)
Johanssc,mlatb,2539,2245,M,confirmed,F,confirmed,1-0,D10,Slav Defense #2,2018.04.15,39,294,lichess_elite_2018-04.pgn,Male vs Female (Confirmed)
Johanssc,mlatb,2548,2237,M,confirmed,F,confirmed,1-0,D10,Slav Defense: Exchange Variation,2018.04.15,71,311,lichess_elite_2018-04.pgn,Male vs Female (Confirmed)
Johanssc,mlatb,2556,2230,M,confirmed,F,confirmed,0-1,C46,Four Knights Game: Gunsberg Variation,2018.04.15,42,326,lichess_elite_2018-04.pgn,Male vs Female (Confirmed)
Johanssc,mlatb,2509,2273,M,confirmed,F,confirmed,1-0,C46,Four Knights Game: Gunsberg Variation,2018.04.15,43,236,lichess_elite_2018-04.pgn,Male vs Female (Confirmed)
Johanssc,mlatb,2520,2263,M,confirmed,F,confirmed,0-1,C46,Four Knights Game: Gunsberg Variation,2018.04.15,74,257,lichess_elite_2018-04.pgn,Male vs Female (Confirmed)
Johanssc,mlatb,2504,2278,M,confirmed,F,confirmed,1-0,C54,"Italian Game: Classical Variation, Greco Gambit, Traditional Line",2018.04.15,79,226,lichess_elite_2018-04.pgn,Male vs Female (Confirmed)
CyrilMarcelin,cukus,2511,2548,M,confirmed,F,confirmed,0-1,A13,English Opening: Agincourt Defense #2,2018.04.26,112,-37,lichess_elite_2018-04.pgn,Male vs Female (Confirmed)
elsas,cukus,2328,2541,M,confirmed,F,confirmed,0-1,A32,"English Opening: Symmetrical Variation, Anti-Benoni Variation, Spielmann Defense",2018.04.27,70,-213,lichess_elite_2018-04.pgn,Male vs Female (Confirmed)
coventry,cukus,2218,2534,M,confirmed,F,confirmed,0-1,A04,Zukertort Opening: Queenside Fianchetto Variation,2018.04.29,116,-316,lichess_elite_2018-04.pgn,Male vs Female (Confirmed)
roberto835877,mlatb,2555,2316,M,confirmed,F,confirmed,1/2-1/2,C92,"Ruy Lopez: Closed Variations, Keres Defense #2",2018.05.15,82,239,lichess_elite_2018-05.pgn,Male vs Female (Confirmed)
beatles_21,mutdpro,2564,2793,M,confirmed,F,confirmed,1/2-1/2,B01,Scandinavian Defense: Mieses-Kotroc Variation,2018.06.20,198,-229,lichess_elite_2018-06.pgn,Male vs Female (Confirmed)
Elda64,mutdpro,2619,2789,M,confirmed,F,confirmed,1-0,E10,Indian Game: Anti-Nimzo-Indian,2018.07.25,77,-170,lichess_elite_2018-07.pgn,Male vs Female (Confirmed)
Elda64,lorci49,2576,2254,M,confirmed,F,confirmed,1-0,E20,Nimzo-Indian Defense: Ragozin Variation,2018.08.11,111,322,lichess_elite_2018-08.pgn,Male vs Female (Confirmed)
Elda64,lorci49,2583,2248,M,confirmed,F,confirmed,1-0,C12,"French Defense: MacCutcheon Variation, Lasker Variation",2018.08.11,57,335,lichess_elite_2018-08.pgn,Male vs Female (Confirmed)
Kvaidan,lorci49,2385,2439,M,confirmed,F,confirmed,0-1,A45,Trompowsky Attack,2018.08.28,144,-54,lichess_elite_2018-08.pgn,Male vs Female (Confirmed)
GMVallejo,lorci49,2739,2448,M,confirmed,F,confirmed,0-1,A08,King's Indian Attack,2018.08.28,58,291,lichess_elite_2018-08.pgn,Male vs Female (Confirmed)
Elda64,mutdpro,2697,2636,M,confirmed,F,confirmed,1-0,E90,King's Indian Defense: Larsen Variation,2018.10.09,90,61,lichess_elite_2018-10.pgn,Male vs Female (Confirmed)
Elda64,mutdpro,2693,2641,M,confirmed,F,confirmed,0-1,D15,Slav Defense: Chameleon Variation,2018.10.09,70,52,lichess_elite_2018-10.pgn,Male vs Female (Confirmed)
Vuk00,mlatb,2603,2438,M,confirmed,F,confirmed,1-0,D00,Queen's Pawn Game: Steinitz Countergambit,2018.10.09,79,165,lichess_elite_2018-10.pgn,Male vs Female (Confirmed)
Elda64,mlatb,2626,2454,M,confirmed,F,confirmed,1-0,D03,"Queen's Pawn Game: Torre Attack, Gossip Variation",2018.10.16,85,172,lichess_elite_2018-10.pgn,Male vs Female (Confirmed)
Neverhood,mutdpro,2579,2693,M,confirmed,F,confirmed,1-0,D00,Queen's Pawn Game: Mason Attack,2018.11.01,107,-114,lichess_elite_2018-11.pgn,Male vs Female (Confirmed)
rhungaski,mutdpro,2658,2675,M,confirmed,F,confirmed,0-1,E76,King's Indian Defense: Steiner Attack,2018.11.01,80,-17,lichess_elite_2018-11.pgn,Male vs Female (Confirmed)
rhungaski,mutdpro,2638,2695,M,confirmed,F,confirmed,1-0,E11,Bogo-Indian Defense: Wade-Smyslov Variation,2018.11.01,199,-57,lichess_elite_2018-11.pgn,Male vs Female (Confirmed)
Elda64,mutdpro,2641,2704,M,confirmed,F,confirmed,1-0,E11,Bogo-Indian Defense: Wade-Smyslov Variation,2018.11.15,43,-63,lichess_elite_2018-11.pgn,Male vs Female (Confirmed)
Elda64,mutdpro,2645,2701,M,confirmed,F,confirmed,1-0,D01,"Queen's Pawn Game: Veresov Attack, Classical Defense",2018.11.15,121,-56,lichess_elite_2018-11.pgn,Male vs Female (Confirmed)
Elda64,mutdpro,2672,2677,M,confirmed,F,confirmed,0-1,B57,"Sicilian Defense: Modern Variations, Main Line",2018.11.15,58,-5,lichess_elite_2018-11.pgn,Male vs Female (Confirmed)
viachessmaster,Enchanteur,2476,2267,M,confirmed,F,confirmed,1-0,D20,Queen's Gambit Accepted: Old Variation,2018.12.17,61,209,lichess_elite_2018-12.pgn,Male vs Female (Confirmed)
viachessmaster,Enchanteur,2475,2268,M,confirmed,F,confirmed,1-0,E09,"Catalan Opening: Closed Variation, Traditional Variation",2018.12.17,45,207,lichess_elite_2018-12.pgn,Male vs Female (Confirmed)
Kvaidan,mlatb,2252,2415,M,confirmed,F,confirmed,0-1,D00,Queen's Pawn Game: Morris Countergambit,2018.12.28,36,-163,lichess_elite_2018-12.pgn,Male vs Female (Confirmed)
Mikhail_Golubev,mlatb,2339,2444,M,confirmed,F,confirmed,1-0,B90,"Sicilian Defense: Najdorf, Lipnitsky Attack",2019.01.07,51,-105,lichess_elite_2019-01.pgn,Male vs Female (Confirmed)
Mikhail_Golubev,mlatb,2391,2418,M,confirmed,F,confirmed,0-1,C46,Four Knights Game: Italian Variation,2019.01.07,36,-27,lichess_elite_2019-01.pgn,Male vs Female (Confirmed)
MilovanR,mutdpro,2663,2726,M,confirmed,F,confirmed,1-0,A11,English Opening: Caro-Kann Defensive System,2019.01.11,47,-63,lichess_elite_2019-01.pgn,Male vs Female (Confirmed)
MilovanR,mutdpro,2666,2723,M,confirmed,F,confirmed,0-1,A13,English Opening: Neo-Catalan,2019.01.11,72,-57,lichess_elite_2019-01.pgn,Male vs Female (Confirmed)
tornike_sanikidze,mutdpro,2650,2757,M,confirmed,F,confirmed,0-1,D44,Queen's Gambit Declined: Vienna Variation,2019.01.16,108,-107,lichess_elite_2019-01.pgn,Male vs Female (Confirmed)
tornike_sanikidze,mutdpro,2657,2750,M,confirmed,F,confirmed,1-0,E11,Bogo-Indian Defense: Grünfeld Variation,2019.01.16,155,-93,lichess_elite_2019-01.pgn,Male vs Female (Confirmed)
tornike_sanikidze,mutdpro,2683,2724,M,confirmed,F,confirmed,1-0,D14,"Slav Defense: Exchange Variation, Symmetrical Line",2019.01.16,91,-41,lichess_elite_2019-01.pgn,Male vs Female (Confirmed)
tornike_sanikidze,mutdpro,2685,2722,M,confirmed,F,confirmed,1-0,D44,Queen's Gambit Declined: Vienna Variation,2019.01.16,31,-37,lichess_elite_2019-01.pgn,Male vs Female (Confirmed)
MilovanR,Warrior_5,2528,2400,M,confirmed,F,confirmed,1-0,A21,"English Opening: King's English Variation, Kramnik-Shirov Counterattack",2019.01.17,63,128,lichess_elite_2019-01.pgn,Male vs Female (Confirmed)
AlexTriapishko,mutdpro,2651,2748,M,confirmed,F,confirmed,1-0,A18,English Opening: Mikenas-Carls Variation,2019.01.18,62,-97,lichess_elite_2019-01.pgn,Male vs Female (Confirmed)
MilovanR,mutdpro,2652,2711,M,confirmed,F,confirmed,0-1,A46,Indian Game: London System,2019.01.21,100,-59,lichess_elite_2019-01.pgn,Male vs Female (Confirmed)
steva23,mlatb,2352,2434,M,confirmed,F,confirmed,1-0,D31,Semi-Slav Defense: Accelerated Move Order,2019.04.18,89,-82,lichess_elite_2019-04.pgn,Male vs Female (Confirmed)
beatles_21,mlatb,2561,2392,M,confirmed,F,confirmed,0-1,D12,"Slav Defense: Quiet Variation, Pin Defense",2019.04.30,62,169,lichess_elite_2019-04.pgn,Male vs Female (Confirmed)
beatles_21,mlatb,2551,2401,M,confirmed,F,confirmed,1-0,D01,Richter-Veresov Attack,2019.04.30,55,150,lichess_elite_2019-05.pgn,Male vs Female (Confirmed)
beatles_21,mlatb,2553,2399,M,confirmed,F,confirmed,1-0,C54,"Italian Game: Giuoco Piano, Greco's Attack",2019.04.30,55,154,lichess_elite_2019-05.pgn,Male vs Female (Confirmed)
beatles_21,mlatb,2567,2387,M,confirmed,F,confirmed,0-1,D12,"Slav Defense: Quiet Variation, Schallopp Defense",2019.04.30,114,180,lichess_elite_2019-05.pgn,Male vs Female (Confirmed)
beatles_21,mlatb,2557,2396,M,confirmed,F,confirmed,1-0,A21,"English Opening: King's English Variation, Kramnik-Shirov Counterattack",2019.04.30,85,161,lichess_elite_2019-05.pgn,Male vs Female (Confirmed)
beatles_21,mlatb,2558,2395,M,confirmed,F,confirmed,0-1,C67,"Ruy Lopez: Berlin Defense, l'Hermet Variation",2019.04.30,60,163,lichess_elite_2019-05.pgn,Male vs Female (Confirmed)
beatles_21,mlatb,2549,2403,M,confirmed,F,confirmed,1-0,B22,"Sicilian Defense: Alapin Variation, Barmen Defense",2019.04.30,69,146,lichess_elite_2019-05.pgn,Male vs Female (Confirmed)
rhungaski,Ninely,2640,2505,M,confirmed,F,confirmed,0-1,A88,"Dutch Defense: Leningrad Variation, Warsaw Variation",2019.05.13,54,135,lichess_elite_2019-05.pgn,Male vs Female (Confirmed)
MilovanR,Ninely,2562,2494,M,confirmed,F,confirmed,1-0,B06,Robatsch (Modern) Defense,2019.05.19,18,68,lichess_elite_2019-05.pgn,Male vs Female (Confirmed)
Frutek,Ninely,2356,2441,M,confirmed,F,confirmed,1-0,B06,Modern Defense: Pseudo-Austrian Attack,2019.05.19,64,-85,lichess_elite_2019-05.pgn,Male vs Female (Confirmed)
beatles_21,mlatb,2540,2400,M,confirmed,F,confirmed,0-1,B91,"Sicilian Defense: Najdorf Variation, Zagreb (Fianchetto) Variation",2019.05.20,96,140,lichess_elite_2019-05.pgn,Male vs Female (Confirmed)
beatles_21,mlatb,2532,2408,M,confirmed,F,confirmed,1-0,D30,Semi-Slav Defense: Quiet Variation,2019.05.20,47,124,lichess_elite_2019-05.pgn,Male vs Female (Confirmed)
beatles_21,mlatb,2547,2394,M,confirmed,F,confirmed,0-1,C21,"Danish Gambit Declined, Sorensen Defense",2019.05.20,60,153,lichess_elite_2019-05.pgn,Male vs Female (Confirmed)
beatles_21,mlatb,2539,2402,M,confirmed,F,confirmed,1/2-1/2,D10,Slav Defense: Exchange Variation,2019.05.20,114,137,lichess_elite_2019-05.pgn,Male vs Female (Confirmed)
beatles_21,mlatb,2542,2399,M,confirmed,F,confirmed,0-1,B22,"Sicilian Defense: Alapin Variation, Barmen Defense",2019.05.20,42,143,lichess_elite_2019-05.pgn,Male vs Female (Confirmed)
beatles_21,mlatb,2535,2407,M,confirmed,F,confirmed,1/2-1/2,A01,Nimzo-Larsen Attack: Classical Variation,2019.05.20,163,128,lichess_elite_2019-05.pgn,Male vs Female (Confirmed)
beatles_21,mlatb,2517,2425,M,confirmed,F,confirmed,1-0,C54,"Italian Game: Classical Variation, Greco Gambit, Moeller-Therkatz Attack",2019.05.20,105,92,lichess_elite_2019-05.pgn,Male vs Female (Confirmed)
www68,mlatb,2449,2452,M,confirmed,F,confirmed,0-1,C55,"Italian Game: Two Knights Defense, Modern Bishop's Opening",2019.06.02,142,-3,lichess_elite_2019-06.pgn,Male vs Female (Confirmed)
www68,mlatb,2450,2473,M,confirmed,F,confirmed,1-0,C55,"Italian Game: Two Knights Defense, Modern Bishop's Opening",2019.06.02,78,-23,lichess_elite_2019-06.pgn,Male vs Female (Confirmed)
IljaSir,mlatb,2453,2418,M,confirmed,F,confirmed,1-0,E04,Catalan Opening: Open Defense,2019.07.01,43,35,lichess_elite_2019-07.pgn,Male vs Female (Confirmed)
IljaSir,mlatb,2450,2421,M,confirmed,F,confirmed,1-0,E04,Catalan Opening: Open Defense,2019.07.01,65,29,lichess_elite_2019-07.pgn,Male vs Female (Confirmed)
Grancanarias,mlatb,2433,2412,M,confirmed,F,confirmed,1-0,D02,"Queen's Pawn Game: Symmetrical Variation, Pseudo-Catalan",2019.07.01,101,21,lichess_elite_2019-07.pgn,Male vs Female (Confirmed)
Gmshooter96,aisa86,2452,2432,M,confirmed,F,confirmed,0-1,C00,French Defense: Schlechter Variation,2019.07.15,158,20,lichess_elite_2019-07.pgn,Male vs Female (Confirmed)
Sandstad,mlatb,2330,2433,M,confirmed,F,confirmed,1/2-1/2,C20,Portuguese Opening: Portuguese Gambit,2019.07.17,107,-103,lichess_elite_2019-07.pgn,Male vs Female (Confirmed)
volodja49,aisa86,2449,2400,M,confirmed,F,confirmed,0-1,D10,Slav Defense #2,2019.07.19,52,49,lichess_elite_2019-07.pgn,Male vs Female (Confirmed)
Tayka,aisa86,2646,2476,M,confirmed,F,confirmed,0-1,D15,Slav Defense: Chameleon Variation,2019.07.22,82,170,lichess_elite_2019-07.pgn,Male vs Female (Confirmed)
speedrunto23,aisa86,2509,2510,M,confirmed,F,confirmed,1-0,A40,English Defense,2019.07.25,51,-1,lichess_elite_2019-07.pgn,Male vs Female (Confirmed)
speedrunto23,aisa86,2528,2491,M,confirmed,F,confirmed,0-1,A84,Dutch Defense: Rubinstein Variation,2019.07.25,118,37,lichess_elite_2019-07.pgn,Male vs Female (Confirmed)
speedrunto23,aisa86,2507,2513,M,confirmed,F,confirmed,1-0,D10,Slav Defense #2,2019.07.25,53,-6,lichess_elite_2019-07.pgn,Male vs Female (Confirmed)
Ratkovic_Miloje,aisa86,2685,2565,M,confirmed,F,confirmed,0-1,D11,Slav Defense: Quiet Variation,2019.08.03,98,120,lichess_elite_2019-08.pgn,Male vs Female (Confirmed)
Ratkovic_Miloje,aisa86,2660,2591,M,confirmed,F,confirmed,0-1,A25,"English Opening: King's English Variation, Taimanov Variation",2019.08.03,78,69,lichess_elite_2019-08.pgn,Male vs Female (Confirmed)
Vuk00,aisa86,2663,2553,M,confirmed,F,confirmed,1-0,D00,Queen's Pawn Game: Mason Attack,2019.08.11,63,110,lichess_elite_2019-08.pgn,Male vs Female (Confirmed)
tornike_sanikidze,aisa86,2603,2533,M,confirmed,F,confirmed,0-1,D13,Slav Defense: Exchange Variation,2019.08.15,118,70,lichess_elite_2019-08.pgn,Male vs Female (Confirmed)
tornike_sanikidze,aisa86,2619,2523,M,confirmed,F,confirmed,1/2-1/2,A40,English Defense,2019.08.15,95,96,lichess_elite_2019-08.pgn,Male vs Female (Confirmed)
jposthuma,Enchanteur,2488,2240,M,confirmed,F,confirmed,1-0,D25,Queen's Gambit Accepted: Janowski-Larsen Variation,2019.08.24,105,248,lichess_elite_2019-08.pgn,Male vs Female (Confirmed)
PchelkinVK,aisa86,2511,2569,M,confirmed,F,confirmed,1-0,C11,"French Defense: Steinitz Variation, Boleslavsky Variation",2019.08.24,67,-58,lichess_elite_2019-08.pgn,Male vs Female (Confirmed)
Jb2mix,Enchanteur,2512,2251,M,confirmed,F,confirmed,1-0,A01,Nimzo-Larsen Attack: Classical Variation,2019.08.25,149,261,lichess_elite_2019-08.pgn,Male vs Female (Confirmed)
Jb2mix,Enchanteur,2518,2245,M,confirmed,F,confirmed,1-0,B43,"Sicilian Defense: Kan Variation, Wing Attack, Fianchetto Variation",2019.08.25,69,273,lichess_elite_2019-08.pgn,Male vs Female (Confirmed)
Kaldas90,Enchanteur,2584,2264,M,confirmed,F,confirmed,1-0,B30,Sicilian Defense: Old Sicilian,2019.08.27,67,320,lichess_elite_2019-08.pgn,Male vs Female (Confirmed)
Zubrrr,Enchanteur,2731,2249,M,confirmed,F,confirmed,1-0,D25,Queen's Gambit Accepted: Janowski-Larsen Variation,2019.08.29,95,482,lichess_elite_2019-08.pgn,Male vs Female (Confirmed)
jposthuma,Enchanteur,2550,2244,M,confirmed,F,confirmed,1-0,D25,Queen's Gambit Accepted: Janowski-Larsen Variation,2019.08.29,155,306,lichess_elite_2019-08.pgn,Male vs Female (Confirmed)
Nikolaj_6,cecile_haussernot,2469,2615,M,confirmed,F,confirmed,1-0,B90,"Sicilian Defense: Najdorf Variation, English Attack",2019.09.09,67,-146,lichess_elite_2019-09.pgn,Male vs Female (Confirmed)
Den78,cecile_haussernot,2489,2604,M,confirmed,F,confirmed,0-1,D00,Queen's Pawn Game: Levitsky Attack,2019.09.09,88,-115,lichess_elite_2019-09.pgn,Male vs Female (Confirmed)
Elda64,aisa86,2636,2546,M,confirmed,F,confirmed,1-0,A40,Horwitz Defense,2019.09.11,71,90,lichess_elite_2019-09.pgn,Male vs Female (Confirmed)
Elda64,aisa86,2646,2535,M,confirmed,F,confirmed,1-0,B06,Robatsch (Modern) Defense,2019.09.11,123,111,lichess_elite_2019-09.pgn,Male vs Female (Confirmed)
Kudrock,aisa86,2607,2535,M,confirmed,F,confirmed,1-0,A40,Horwitz Defense,2019.09.12,91,72,lichess_elite_2019-09.pgn,Male vs Female (Confirmed)
Kudrock,aisa86,2612,2529,M,confirmed,F,confirmed,0-1,A40,Modern Defense,2019.09.12,158,83,lichess_elite_2019-09.pgn,Male vs Female (Confirmed)
ariosp,MayGM,2411,2242,M,confirmed,F,confirmed,1-0,B07,Pirc Defense #3,2019.09.12,101,169,lichess_elite_2019-09.pgn,Male vs Female (Confirmed)
Toro123,mutdpro,2670,2702,M,confirmed,F,confirmed,0-1,A45,Trompowsky Attack: Classical Defense,2019.09.23,80,-32,lichess_elite_2019-09.pgn,Male vs Female (Confirmed)
Toro123,mutdpro,2658,2723,M,confirmed,F,confirmed,0-1,E39,"Nimzo-Indian Defense: Classical Variation, Berlin Variation, Pirc Variation",2019.09.23,42,-65,lichess_elite_2019-09.pgn,Male vs Female (Confirmed)
Tayka,zajka-molotok,2706,2413,M,confirmed,F,confirmed,1-0,C16,"French Defense: Winawer Variation, Advance Variation",2019.10.01,55,293,lichess_elite_2019-10.pgn,Male vs Female (Confirmed)
Tayka,zajka-molotok,2711,2407,M,confirmed,F,confirmed,1-0,A09,Réti Opening,2019.10.01,75,304,lichess_elite_2019-10.pgn,Male vs Female (Confirmed)
Tayka,zajka-molotok,2715,2402,M,confirmed,F,confirmed,1-0,D17,"Slav Defense: Czech Variation, Krause Attack",2019.10.01,65,313,lichess_elite_2019-10.pgn,Male vs Female (Confirmed)
Tayka,zajka-molotok,2719,2398,M,confirmed,F,confirmed,1-0,C42,Russian Game: Cochrane Gambit,2019.10.01,81,321,lichess_elite_2019-10.pgn,Male vs Female (Confirmed)
Tayka,zajka-molotok,2723,2393,M,confirmed,F,confirmed,1-0,D37,"Queen's Gambit Declined: Harrwitz Attack, Fianchetto Defense",2019.10.01,123,330,lichess_elite_2019-10.pgn,Male vs Female (Confirmed)
Tayka,zajka-molotok,2727,2389,M,confirmed,F,confirmed,0-1,D02,Queen's Pawn Game: Zukertort Variation,2019.10.01,56,338,lichess_elite_2019-10.pgn,Male vs Female (Confirmed)
www68,aisa86,2433,2531,M,confirmed,F,confirmed,0-1,C00,French Defense: King's Indian Attack,2019.10.05,100,-98,lichess_elite_2019-10.pgn,Male vs Female (Confirmed)
PchelkinVK,aisa86,2535,2581,M,confirmed,F,confirmed,0-1,C18,"French Defense: Winawer Variation, Advance Variation #2",2019.10.08,110,-46,lichess_elite_2019-10.pgn,Male vs Female (Confirmed)
KingHarii,mutdpro,2644,2715,M,confirmed,F,confirmed,1-0,B31,"Sicilian Defense: Nyezhmetdinov-Rossolimo Attack, Fianchetto Variation",2019.10.12,41,-71,lichess_elite_2019-10.pgn,Male vs Female (Confirmed)
banane_verte,zajka-molotok,2423,2485,M,confirmed,F,confirmed,1/2-1/2,C16,"French Defense: Winawer Variation, Advance Variation",2019.10.12,45,-62,lichess_elite_2019-10.pgn,Male vs Female (Confirmed)
banane_verte,zajka-molotok,2433,2476,M,confirmed,F,confirmed,0-1,C00,French Defense: King's Indian Attack,2019.10.12,142,-43,lichess_elite_2019-10.pgn,Male vs Female (Confirmed)
KingHarii,mutdpro,2648,2708,M,confirmed,F,confirmed,0-1,D44,"Queen's Gambit Declined: Vienna Variation, Quiet Variation",2019.10.13,68,-60,lichess_elite_2019-10.pgn,Male vs Female (Confirmed)
Bacallao2019,mutdpro,2710,2715,M,confirmed,F,confirmed,0-1,A13,"English Opening: Agincourt Defense, Catalan Defense Accepted",2019.10.13,104,-5,lichess_elite_2019-10.pgn,Male vs Female (Confirmed)
mariokar,zajka-molotok,2405,2486,M,confirmed,F,confirmed,1-0,A17,"English Opening: Anglo-Indian Defense, Hedgehog System",2019.10.16,63,-81,lichess_elite_2019-10.pgn,Male vs Female (Confirmed)
Tayka,zajka-molotok,2691,2509,M,confirmed,F,confirmed,1-0,E12,"Queen's Indian Defense: Kasparov-Petrosian Variation, Classical Variation",2019.11.05,83,182,lichess_elite_2019-11.pgn,Male vs Female (Confirmed)
Tayka,zajka-molotok,2698,2502,M,confirmed,F,confirmed,1-0,C16,"French Defense: Winawer Variation, Advance Variation",2019.11.05,91,196,lichess_elite_2019-11.pgn,Male vs Female (Confirmed)
Tayka,zajka-molotok,2691,2509,M,confirmed,F,confirmed,1-0,A46,Indian Game: London System,2019.11.05,81,182,lichess_elite_2019-11.pgn,Male vs Female (Confirmed)
Tayka,zajka-molotok,2699,2502,M,confirmed,F,confirmed,0-1,A14,"English Opening: Agincourt Defense, Neo-Catalan Declined",2019.11.05,56,197,lichess_elite_2019-11.pgn,Male vs Female (Confirmed)
Tayka,zajka-molotok,2685,2516,M,confirmed,F,confirmed,1-0,A17,"English Opening: Anglo-Indian Defense, Queen's Indian Variation",2019.11.05,37,169,lichess_elite_2019-11.pgn,Male vs Female (Confirmed)
Tayka,zajka-molotok,2697,2505,M,confirmed,F,confirmed,1-0,A04,Réti Opening #2,2019.11.05,127,192,lichess_elite_2019-11.pgn,Male vs Female (Confirmed)
Tayka,zajka-molotok,2704,2498,M,confirmed,F,confirmed,1-0,E17,Queen's Indian Defense: Kasparov-Petrosian Variation,2019.11.05,73,206,lichess_elite_2019-11.pgn,Male vs Female (Confirmed)
Tayka,zajka-molotok,2711,2492,M,confirmed,F,confirmed,1-0,C01,"French Defense: Exchange Variation, Monte Carlo Variation",2019.11.05,55,219,lichess_elite_2019-11.pgn,Male vs Female (Confirmed)
Tayka,zajka-molotok,2717,2485,M,confirmed,F,confirmed,1-0,C06,"French Defense: Tarrasch Variation, Closed Variation, Main Line",2019.11.05,47,232,lichess_elite_2019-11.pgn,Male vs Female (Confirmed)
Tayka,zajka-molotok,2723,2480,M,confirmed,F,confirmed,1-0,D01,Queen's Pawn Game: Chigorin Variation,2019.11.05,49,243,lichess_elite_2019-11.pgn,Male vs Female (Confirmed)
Tayka,zajka-molotok,2729,2474,M,confirmed,F,confirmed,1-0,A15,"English Opening: Anglo-Indian Defense, King's Knight Variation",2019.11.05,123,255,lichess_elite_2019-11.pgn,Male vs Female (Confirmed)
Tayka,zajka-molotok,2727,2476,M,confirmed,F,confirmed,1/2-1/2,A09,Réti Opening,2019.11.05,121,251,lichess_elite_2019-11.pgn,Male vs Female (Confirmed)
Ermito,simonachess,2457,2292,M,confirmed,F,confirmed,1-0,A04,Réti Opening #2,2019.11.12,137,165,lichess_elite_2019-11.pgn,Male vs Female (Confirmed)
munster1,MariyaYakimova,2474,2316,M,confirmed,F,confirmed,1/2-1/2,B47,"Sicilian Defense: Paulsen Variation, Bastrikov Variation",2019.11.16,74,158,lichess_elite_2019-11.pgn,Male vs Female (Confirmed)
Mangusty,ChuckPhil,2463,2390,M,confirmed,F,confirmed,0-1,B33,Sicilian Defense: Lasker-Pelikan Variation,2019.11.25,78,73,lichess_elite_2019-11.pgn,Male vs Female (Confirmed)
paruchi,ChuckPhil,2400,2371,M,confirmed,F,confirmed,0-1,D94,"Grünfeld Defense: Three Knights Variation, Burille Variation, Reversed Tarrasch",2019.11.25,92,29,lichess_elite_2019-11.pgn,Male vs Female (Confirmed)
sanshiro,ChuckPhil,2422,2385,M,confirmed,F,confirmed,1-0,D91,"Grünfeld Defense: Three Knights Variation, Petrosian System",2019.11.25,105,37,lichess_elite_2019-11.pgn,Male vs Female (Confirmed)
volodja49,ChuckPhil,2453,2386,M,confirmed,F,confirmed,1-0,D85,Grünfeld Defense: Exchange Variation,2019.11.26,41,67,lichess_elite_2019-11.pgn,Male vs Female (Confirmed)
www68,karinachess11,2533,2381,M,confirmed,F,confirmed,1-0,B32,Sicilian Defense: Godiva Variation,2019.11.27,43,152,lichess_elite_2019-11.pgn,Male vs Female (Confirmed)
www68,karinachess11,2503,2381,M,confirmed,F,confirmed,0-1,B43,"Sicilian Defense: Kan Variation, Wing Attack, Fianchetto Variation",2019.11.27,124,122,lichess_elite_2019-11.pgn,Male vs Female (Confirmed)
VladikSidorika,ChuckPhil,2413,2347,M,confirmed,F,confirmed,1-0,A20,English Opening: King's English Variation,2019.11.27,53,66,lichess_elite_2019-11.pgn,Male vs Female (Confirmed)
sanshiro,ChuckPhil,2475,2406,M,confirmed,F,confirmed,1/2-1/2,D91,"Grünfeld Defense: Three Knights Variation, Petrosian System",2019.11.28,65,69,lichess_elite_2019-11.pgn,Male vs Female (Confirmed)
Toro123,aisa86,2649,2617,M,confirmed,F,confirmed,1-0,A42,Modern Defense: Averbakh Variation,2019.12.01,111,32,lichess_elite_2019-12.pgn,Male vs Female (Confirmed)
Toro123,aisa86,2648,2619,M,confirmed,F,confirmed,1/2-1/2,D00,Queen's Pawn Game: Mason Attack,2019.12.01,121,29,lichess_elite_2019-12.pgn,Male vs Female (Confirmed)
Draske,karinachess11,2532,2396,M,confirmed,F,confirmed,1/2-1/2,A05,King's Indian Attack: Symmetrical Defense,2019.12.02,125,136,lichess_elite_2019-12.pgn,Male vs Female (Confirmed)
Draske,karinachess11,2534,2393,M,confirmed,F,confirmed,1-0,A35,"English Opening: Symmetrical Variation, Two Knights Variation",2019.12.02,113,141,lichess_elite_2019-12.pgn,Male vs Female (Confirmed)
Draske,karinachess11,2536,2391,M,confirmed,F,confirmed,1-0,D35,"Queen's Gambit Declined: Exchange Variation, Positional Variation",2019.12.02,63,145,lichess_elite_2019-12.pgn,Male vs Female (Confirmed)
IljaSir,aisa86,2547,2548,M,confirmed,F,confirmed,0-1,A42,Modern Defense: Averbakh Variation,2019.12.14,96,-1,lichess_elite_2019-12.pgn,Male vs Female (Confirmed)
liordis31,mutdpro,2680,2728,M,confirmed,F,confirmed,0-1,D79,Neo-Grünfeld Defense: Ultra-delayed Exchange Variation,2019.12.17,52,-48,lichess_elite_2019-12.pgn,Male vs Female (Confirmed)
ChessExplained,MariyaYakimova,2552,2339,M,confirmed,F,confirmed,1-0,B30,Sicilian Defense: Nyezhmetdinov-Rossolimo Attack,2019.12.18,95,213,lichess_elite_2019-12.pgn,Male vs Female (Confirmed)
Kaldas90,mutdpro,2646,2759,M,confirmed,F,confirmed,0-1,D20,"Queen's Gambit Accepted: Central Variation, Greco Variation",2019.12.20,66,-113,lichess_elite_2019-12.pgn,Male vs Female (Confirmed)
Sandstad,MariyaYakimova,2419,2370,M,confirmed,F,confirmed,0-1,B30,Sicilian Defense: Nyezhmetdinov-Rossolimo Attack,2019.12.25,112,49,lichess_elite_2019-12.pgn,Male vs Female (Confirmed)
liordis31,Alindsay,2585,2403,M,confirmed,F,confirmed,1-0,A46,Indian Game: Wade-Tartakower Defense,2019.12.27,19,182,lichess_elite_2019-12.pgn,Male vs Female (Confirmed)
banane_verte,Alindsay,2339,2401,M,confirmed,F,confirmed,1-0,B23,Sicilian Defense: Closed #2,2019.12.30,61,-62,lichess_elite_2019-12.pgn,Male vs Female (Confirmed)
hepyeke,MariyaYakimova,2460,2385,M,confirmed,F,confirmed,0-1,B30,Sicilian Defense: Nyezhmetdinov-Rossolimo Attack,2020.01.04,60,75,lichess_elite_2020-01.pgn,Male vs Female (Confirmed)
www68,ChuckPhil,2485,2426,M,confirmed,F,confirmed,1-0,B33,Sicilian Defense: Lasker-Pelikan Variation,2020.01.09,73,59,lichess_elite_2020-01.pgn,Male vs Female (Confirmed)
www68,ChuckPhil,2492,2415,M,confirmed,F,confirmed,1/2-1/2,B30,Sicilian Defense: Old Sicilian,2020.01.09,163,77,lichess_elite_2020-01.pgn,Male vs Female (Confirmed)
Nyxnyxnyxnyxnyx,aisa86,2627,2559,M,confirmed,F,confirmed,1-0,A20,English Opening: King's English Variation,2020.01.11,61,68,lichess_elite_2020-01.pgn,Male vs Female (Confirmed)
Mangusty,ChuckPhil,2489,2440,M,confirmed,F,confirmed,1-0,B33,Sicilian Defense: Lasker-Pelikan Variation,2020.01.11,59,49,lichess_elite_2020-01.pgn,Male vs Female (Confirmed)
steva23,ChuckPhil,2406,2442,M,confirmed,F,confirmed,0-1,D80,Grünfeld Defense,2020.01.12,72,-36,lichess_elite_2020-01.pgn,Male vs Female (Confirmed)
BSambuev,ChuckPhil,2576,2453,M,confirmed,F,confirmed,0-1,D90,Grünfeld Defense: Three Knights Variation,2020.01.12,36,123,lichess_elite_2020-01.pgn,Male vs Female (Confirmed)
Pecevojvoda,MariyaYakimova,2429,2381,M,confirmed,F,confirmed,1-0,A21,English Opening: King's English Variation,2020.01.12,59,48,lichess_elite_2020-01.pgn,Male vs Female (Confirmed)
betta2004,Alindsay,2395,2458,M,confirmed,F,confirmed,1-0,D97,"Grünfeld Defense: Russian Variation, with e4",2020.01.15,97,-63,lichess_elite_2020-01.pgn,Male vs Female (Confirmed)
Din-don-dan,Alindsay,2418,2452,M,confirmed,F,confirmed,1-0,B40,Sicilian Defense: Delayed Alapin Variation,2020.01.15,47,-34,lichess_elite_2020-01.pgn,Male vs Female (Confirmed)
BabaRamdev,mutdpro,2711,2754,M,confirmed,F,confirmed,0-1,C55,"Italian Game: Two Knights Defense, Modern Bishop's Opening",2020.01.18,72,-43,lichess_elite_2020-01.pgn,Male vs Female (Confirmed)
Toro123,aisa86,2664,2552,M,confirmed,F,confirmed,1-0,A40,Modern Defense,2020.01.18,61,112,lichess_elite_2020-01.pgn,Male vs Female (Confirmed)
Hapaku24,Alindsay,2393,2414,M,confirmed,F,confirmed,1-0,A16,"English Opening: Anglo-Indian Defense, Queen's Knight Variation",2020.01.24,63,-21,lichess_elite_2020-01.pgn,Male vs Female (Confirmed)
BSambuev,karinachess11,2676,2426,M,confirmed,F,confirmed,0-1,D56,Queen's Gambit Declined: Lasker Defense,2020.01.26,84,250,lichess_elite_2020-01.pgn,Male vs Female (Confirmed)
Din-don-dan,Alindsay,2365,2440,M,confirmed,F,confirmed,0-1,B44,Sicilian Defense: Paulsen Variation,2020.02.06,156,-75,lichess_elite_2020-02.pgn,Male vs Female (Confirmed)
SchekachikhinMaksim,zajka-molotok,2553,2463,M,confirmed,F,confirmed,1-0,E32,Nimzo-Indian Defense: Classical Variation,2020.02.10,69,90,lichess_elite_2020-02.pgn,Male vs Female (Confirmed)
jposthuma,Alindsay,2699,2449,M,confirmed,F,confirmed,1-0,E81,"King's Indian Defense: Sämisch Variation, Normal Defense",2020.02.16,63,250,lichess_elite_2020-02.pgn,Male vs Female (Confirmed)
Wildindian,mutdpro,2755,2785,M,confirmed,F,confirmed,1/2-1/2,B51,Sicilian Defense: Canal-Sokolsky Attack,2020.02.16,58,-30,lichess_elite_2020-02.pgn,Male vs Female (Confirmed)
Wildindian,mutdpro,2762,2778,M,confirmed,F,confirmed,0-1,C55,"Italian Game: Two Knights Defense, Modern Bishop's Opening",2020.02.16,142,-16,lichess_elite_2020-02.pgn,Male vs Female (Confirmed)
Wildindian,mutdpro,2752,2789,M,confirmed,F,confirmed,0-1,C80,"Ruy Lopez: Open Variations, Main Line",2020.02.16,74,-37,lichess_elite_2020-02.pgn,Male vs Female (Confirmed)
Gonest1998,Alindsay,2356,2450,M,confirmed,F,confirmed,0-1,B44,"Sicilian Defense: Paulsen Variation, Szén Variation",2020.02.18,88,-94,lichess_elite_2020-02.pgn,Male vs Female (Confirmed)
Patzel,Alindsay,2717,2454,M,confirmed,F,confirmed,1-0,B40,Sicilian Defense: Delayed Alapin Variation,2020.02.19,49,263,lichess_elite_2020-02.pgn,Male vs Female (Confirmed)
MrOlka,mutdpro,2662,2791,M,confirmed,F,confirmed,0-1,C80,"Ruy Lopez: Open Variations, Main Line",2020.02.21,76,-129,lichess_elite_2020-02.pgn,Male vs Female (Confirmed)
sanshiro,Alindsay,2340,2451,M,confirmed,F,confirmed,1-0,E92,"King's Indian Defense: Orthodox Variation, Gligoric-Taimanov System",2020.02.21,89,-111,lichess_elite_2020-02.pgn,Male vs Female (Confirmed)
iakov98,karinachess11,2678,2551,M,confirmed,F,confirmed,1-0,B40,Sicilian Defense: French Variation,2020.02.28,143,127,lichess_elite_2020-02.pgn,Male vs Female (Confirmed)
SilentAndCalm,amaa18,2614,2435,M,confirmed,F,confirmed,1-0,A50,Indian Game: Normal Variation,2020.03.06,117,179,lichess_elite_2020-03.pgn,Male vs Female (Confirmed)
BSambuev,zajka-molotok,2740,2604,M,confirmed,F,confirmed,1-0,A04,Zukertort Opening: Herrstrom Gambit,2020.03.07,69,136,lichess_elite_2020-03.pgn,Male vs Female (Confirmed)
Andpalchuk,zajka-molotok,2648,2614,M,confirmed,F,confirmed,1-0,C00,French Defense: Schlechter Variation,2020.03.10,123,34,lichess_elite_2020-03.pgn,Male vs Female (Confirmed)
jelmatos,karinachess11,2703,2517,M,confirmed,F,confirmed,0-1,E76,King's Indian Defense: Steiner Attack,2020.03.13,82,186,lichess_elite_2020-03.pgn,Male vs Female (Confirmed)
shahinlorpari,karinachess11,2600,2522,M,confirmed,F,confirmed,0-1,B40,"Sicilian Defense: French Variation, Open",2020.03.13,84,78,lichess_elite_2020-03.pgn,Male vs Female (Confirmed)
ok1975,karinachess11,2683,2530,M,confirmed,F,confirmed,1-0,B41,"Sicilian Defense: Kan Variation, Maróczy Bind, Réti Variation",2020.03.13,131,153,lichess_elite_2020-03.pgn,Male vs Female (Confirmed)
gogotaniye,karinachess11,2808,2526,M,confirmed,F,confirmed,1-0,A46,Torre Attack,2020.03.13,103,282,lichess_elite_2020-03.pgn,Male vs Female (Confirmed)
Andpalchuk,karinachess11,2654,2518,M,confirmed,F,confirmed,1-0,B22,"Sicilian Defense: Alapin Variation, Barmen Defense",2020.03.13,23,136,lichess_elite_2020-03.pgn,Male vs Female (Confirmed)
ivan124,karinachess11,2619,2511,M,confirmed,F,confirmed,1-0,A05,King's Indian Attack: Symmetrical Defense,2020.03.13,85,108,lichess_elite_2020-03.pgn,Male vs Female (Confirmed)
ivan124,karinachess11,2632,2503,M,confirmed,F,confirmed,1-0,A54,Old Indian Defense: Two Knights Variation,2020.03.13,105,129,lichess_elite_2020-03.pgn,Male vs Female (Confirmed)
SigitukasK,simonachess,2479,2339,M,confirmed,F,confirmed,1/2-1/2,B27,Sicilian Defense,2020.03.14,3,140,lichess_elite_2020-03.pgn,Male vs Female (Confirmed)
SigitukasK,simonachess,2495,2344,M,confirmed,F,confirmed,0-1,B31,"Sicilian Defense: Nyezhmetdinov-Rossolimo Attack, Fianchetto Variation, Gufeld Gambit",2020.03.15,60,151,lichess_elite_2020-03.pgn,Male vs Female (Confirmed)
SigitukasK,simonachess,2480,2375,M,confirmed,F,confirmed,1-0,B07,Czech Defense,2020.03.15,71,105,lichess_elite_2020-03.pgn,Male vs Female (Confirmed)
SigitukasK,simonachess,2500,2385,M,confirmed,F,confirmed,1-0,B31,"Sicilian Defense: Nyezhmetdinov-Rossolimo Attack, Fianchetto Variation, Gufeld Gambit",2020.03.15,59,115,lichess_elite_2020-03.pgn,Male vs Female (Confirmed)
SigitukasK,simonachess,2508,2372,M,confirmed,F,confirmed,0-1,B07,Czech Defense,2020.03.15,136,136,lichess_elite_2020-03.pgn,Male vs Female (Confirmed)
chessRoMania,alekschess1000,2468,2286,M,confirmed,F,confirmed,0-1,A46,Indian Game: London System,2020.03.15,134,182,lichess_elite_2020-03.pgn,Male vs Female (Confirmed)
RussianBlizzard,zajka-molotok,2682,2608,M,confirmed,F,confirmed,0-1,C26,Vienna Game: Mieses Variation,2020.03.17,86,74,lichess_elite_2020-03.pgn,Male vs Female (Confirmed)
nemanja123456,alekschess1000,2405,2303,M,confirmed,F,confirmed,0-1,D78,"Neo-Grünfeld Defense: Classical Variation, Original Defense",2020.03.17,50,102,lichess_elite_2020-03.pgn,Male vs Female (Confirmed)
balaverde,zajka-molotok,2619,2615,M,confirmed,F,confirmed,0-1,A10,English Opening,2020.03.18,126,4,lichess_elite_2020-03.pgn,Male vs Female (Confirmed)
tornike_sanikidze,zajka-molotok,2791,2628,M,confirmed,F,confirmed,1-0,D20,"Queen's Gambit Accepted: Central Variation, Greco Variation",2020.03.18,63,163,lichess_elite_2020-03.pgn,Male vs Female (Confirmed)
dalmatinac101,zajka-molotok,2851,2617,M,confirmed,F,confirmed,0-1,B00,King's Pawn,2020.03.18,50,234,lichess_elite_2020-03.pgn,Male vs Female (Confirmed)
Rivuza,aisa86,2669,2531,M,confirmed,F,confirmed,0-1,A00,Mieses Opening: Reversed Rat,2020.03.21,30,138,lichess_elite_2020-03.pgn,Male vs Female (Confirmed)
rhungaski,zajka-molotok,2684,2657,M,confirmed,F,confirmed,1-0,C02,French Defense: Advance Variation,2020.03.22,37,27,lichess_elite_2020-03.pgn,Male vs Female (Confirmed)
rhungaski,zajka-molotok,2683,2658,M,confirmed,F,confirmed,0-1,C55,"Italian Game: Two Knights Defense, Modern Bishop's Opening",2020.03.22,48,25,lichess_elite_2020-03.pgn,Male vs Female (Confirmed)
Dapsay,ChuckPhil,2471,2481,M,confirmed,F,confirmed,0-1,B33,"Sicilian Defense: Lasker-Pelikan Variation, Sveshnikov Variation, Chelyabinsk Variation",2020.03.26,76,-10,lichess_elite_2020-03.pgn,Male vs Female (Confirmed)
Milchone,karinachess11,2582,2489,M,confirmed,F,confirmed,1-0,A14,"English Opening: Agincourt Defense, Neo-Catalan Declined",2020.03.29,87,93,lichess_elite_2020-03.pgn,Male vs Female (Confirmed)
alina0220,aisa86,2564,2524,M,confirmed,F,confirmed,1-0,C00,French Defense: Schlechter Variation,2020.03.31,97,40,lichess_elite_2020-03.pgn,Male vs Female (Confirmed)
Arseniii_Nesterov,karinachess11,2710,2497,M,confirmed,F,confirmed,1-0,D38,Queen's Gambit Declined: Ragozin Defense,2020.04.01,67,213,lichess_elite_2020-04.pgn,Male vs Female (Confirmed)
Din-don-dan,Alindsay,2349,2423,M,confirmed,F,confirmed,0-1,B47,"Sicilian Defense: Paulsen Variation, Bastrikov Variation",2020.04.03,68,-74,lichess_elite_2020-04.pgn,Male vs Female (Confirmed)
gerrygm,Flawless_Fighter,2434,2445,M,confirmed,F,confirmed,1/2-1/2,A46,Indian Game: Knights Variation,2020.04.03,88,-11,lichess_elite_2020-04.pgn,Male vs Female (Confirmed)
Roman2001,champion64,2426,2342,M,confirmed,F,confirmed,0-1,D11,Slav Defense: Modern,2020.04.04,70,84,lichess_elite_2020-04.pgn,Male vs Female (Confirmed)
Karadenizaslani,champion64,2421,2342,M,confirmed,F,confirmed,1/2-1/2,A43,Old Benoni Defense,2020.04.04,87,79,lichess_elite_2020-04.pgn,Male vs Female (Confirmed)
nonsopolo,ChuckPhil,2381,2438,M,confirmed,F,confirmed,1/2-1/2,A04,Zukertort Opening: Sicilian Invitation,2020.04.05,144,-57,lichess_elite_2020-04.pgn,Male vs Female (Confirmed)
Megl,ChuckPhil,2408,2440,M,confirmed,F,confirmed,1-0,E04,Catalan Opening: Open Defense,2020.04.05,45,-32,lichess_elite_2020-04.pgn,Male vs Female (Confirmed)
gmadly,Ninely,2710,2393,M,confirmed,F,confirmed,1-0,A00,Kadas Opening,2020.04.08,103,317,lichess_elite_2020-04.pgn,Male vs Female (Confirmed)
kalantaryan,ChuckPhil,2434,2329,M,confirmed,F,confirmed,1-0,D39,"Queen's Gambit Declined: Ragozin Defense, Vienna Variation",2020.04.09,115,105,lichess_elite_2020-04.pgn,Male vs Female (Confirmed)
alina0220,aisa86,2532,2514,M,confirmed,F,confirmed,0-1,C03,"French Defense: Tarrasch Variation, Modern System",2020.04.09,132,18,lichess_elite_2020-04.pgn,Male vs Female (Confirmed)
SigitukasK,Ninely,2464,2369,M,confirmed,F,confirmed,1/2-1/2,B10,Caro-Kann Defense: Two Knights Attack,2020.04.10,141,95,lichess_elite_2020-04.pgn,Male vs Female (Confirmed)
beatles_21,zajka-molotok,2693,2595,M,confirmed,F,confirmed,0-1,E77,King's Indian Defense: Normal Variation,2020.04.12,40,98,lichess_elite_2020-04.pgn,Male vs Female (Confirmed)
andro2,Flawless_Fighter,2339,2489,M,confirmed,F,confirmed,1-0,B18,"Caro-Kann Defense: Classical Variation, Flohr Variation",2020.04.13,83,-150,lichess_elite_2020-04.pgn,Male vs Female (Confirmed)
Arseniii_Nesterov,Flawless_Fighter,2649,2504,M,confirmed,F,confirmed,1-0,D38,Queen's Gambit Declined: Ragozin Defense,2020.04.18,51,145,lichess_elite_2020-04.pgn,Male vs Female (Confirmed)
volodja49,Dove____Cameron,2487,2350,M,confirmed,F,confirmed,1-0,D13,Slav Defense: Exchange Variation,2020.04.20,133,137,lichess_elite_2020-04.pgn,Male vs Female (Confirmed)
dmitry-lavrik,Dove____Cameron,2482,2398,M,confirmed,F,confirmed,0-1,B12,"Caro-Kann Defense: Advance Variation, Short Variation",2020.04.22,68,84,lichess_elite_2020-04.pgn,Male vs Female (Confirmed)
chessmaxusa,Dove____Cameron,2458,2400,M,confirmed,F,confirmed,1/2-1/2,D02,Queen's Pawn Game: London System,2020.04.22,84,58,lichess_elite_2020-04.pgn,Male vs Female (Confirmed)
Din-don-dan,Alindsay,2362,2446,M,confirmed,F,confirmed,1-0,B48,"Sicilian Defense: Paulsen Variation, Bastrikov Variation, Ponomariov Gambit",2020.04.23,69,-84,lichess_elite_2020-04.pgn,Male vs Female (Confirmed)
Schachtrainer-Schuh,Dove____Cameron,2464,2400,M,confirmed,F,confirmed,1-0,B10,"Caro-Kann Defense: Accelerated Panov Attack, Modern Variation",2020.04.23,83,64,lichess_elite_2020-04.pgn,Male vs Female (Confirmed)
lakilive,Dove____Cameron,2498,2407,M,confirmed,F,confirmed,1-0,B10,Caro-Kann Defense,2020.04.23,111,91,lichess_elite_2020-04.pgn,Male vs Female (Confirmed)
safahkarmoz,Alindsay,2583,2451,M,confirmed,F,confirmed,1-0,E06,Catalan Opening: Closed Variation,2020.04.23,55,132,lichess_elite_2020-04.pgn,Male vs Female (Confirmed)
jelmatos,Alindsay,2597,2447,M,confirmed,F,confirmed,1-0,A16,"English Opening: Anglo-Indian Defense, Queen's Knight Variation",2020.04.24,41,150,lichess_elite_2020-04.pgn,Male vs Female (Confirmed)
Stalri,Alindsay,2323,2448,M,confirmed,F,confirmed,0-1,E94,"King's Indian Defense: Orthodox Variation, Positional Defense, Closed Line",2020.04.24,106,-125,lichess_elite_2020-04.pgn,Male vs Female (Confirmed)
Grancanarias,Dove____Cameron,2479,2414,M,confirmed,F,confirmed,1-0,D11,Slav Defense: Quiet Variation,2020.04.25,91,65,lichess_elite_2020-04.pgn,Male vs Female (Confirmed)
roberto835877,Dove____Cameron,2546,2408,M,confirmed,F,confirmed,1-0,C11,"French Defense: Steinitz Variation, Boleslavsky Variation",2020.04.26,72,138,lichess_elite_2020-04.pgn,Male vs Female (Confirmed)
Papagayo,mitraasz,2490,2367,M,confirmed,F,confirmed,0-1,E67,"King's Indian Defense: Fianchetto Variation, Classical Fianchetto",2020.04.27,68,123,lichess_elite_2020-04.pgn,Male vs Female (Confirmed)
gameoverbro,Alindsay,2397,2411,M,confirmed,F,confirmed,1-0,B44,Sicilian Defense: Paulsen Variation,2020.04.27,81,-14,lichess_elite_2020-04.pgn,Male vs Female (Confirmed)
Nurlan_Ibrayev,champion64,2539,2384,M,confirmed,F,confirmed,1-0,B32,Sicilian Defense: Kalashnikov Variation,2020.04.29,131,155,lichess_elite_2020-04.pgn,Male vs Female (Confirmed)
SigitukasK,simonachess,2491,2364,M,confirmed,F,confirmed,1-0,B07,Czech Defense,2020.04.29,37,127,lichess_elite_2020-04.pgn,Male vs Female (Confirmed)
SigitukasK,simonachess,2498,2355,M,confirmed,F,confirmed,1-0,A45,Trompowsky Attack,2020.04.29,51,143,lichess_elite_2020-04.pgn,Male vs Female (Confirmed)
SigitukasK,simonachess,2494,2360,M,confirmed,F,confirmed,0-1,B31,"Sicilian Defense: Nyezhmetdinov-Rossolimo Attack, Fianchetto Variation, Gufeld Gambit",2020.04.29,66,134,lichess_elite_2020-04.pgn,Male vs Female (Confirmed)
SigitukasK,simonachess,2490,2365,M,confirmed,F,confirmed,1-0,B31,"Sicilian Defense: Nyezhmetdinov-Rossolimo Attack, Fianchetto Variation, Gufeld Gambit",2020.04.29,59,125,lichess_elite_2020-04.pgn,Male vs Female (Confirmed)
SigitukasK,simonachess,2497,2357,M,confirmed,F,confirmed,1-0,B07,Czech Defense,2020.04.29,87,140,lichess_elite_2020-04.pgn,Male vs Female (Confirmed)
Grancanarias,amaa18,2471,2428,M,confirmed,F,confirmed,1-0,A17,"English Opening: Anglo-Indian Defense, Hedgehog System",2020.04.30,143,43,lichess_elite_2020-04.pgn,Male vs Female (Confirmed)
vlad10898,karinachess11,2613,2454,M,confirmed,F,confirmed,1-0,B43,"Sicilian Defense: Kan Variation, Wing Attack, Spraggett Attack",2020.04.30,53,159,lichess_elite_2020-04.pgn,Male vs Female (Confirmed)
PVKMSSSSR3991,amaa18,2605,2435,M,confirmed,F,confirmed,1-0,E10,Indian Game: Dzindzi-Indian Defense,2020.05.01,93,170,lichess_elite_2020-05.pgn,Male vs Female (Confirmed)
Chessibague,ChuckPhil,2496,2420,M,confirmed,F,confirmed,0-1,A45,Trompowsky Attack,2020.05.02,60,76,lichess_elite_2020-05.pgn,Male vs Female (Confirmed)
vovasev,ChuckPhil,2373,2434,M,confirmed,F,confirmed,0-1,B33,"Sicilian Defense: Lasker-Pelikan Variation, Sveshnikov Variation, Chelyabinsk Variation",2020.05.02,68,-61,lichess_elite_2020-05.pgn,Male vs Female (Confirmed)
lakilive,amaa18,2472,2434,M,confirmed,F,confirmed,1-0,B54,Sicilian Defense: Prins Variation,2020.05.02,83,38,lichess_elite_2020-05.pgn,Male vs Female (Confirmed)
jelmatos,amaa18,2570,2429,M,confirmed,F,confirmed,0-1,A16,"English Opening: Anglo-Indian Defense, Queen's Knight Variation",2020.05.02,110,141,lichess_elite_2020-05.pgn,Male vs Female (Confirmed)
telarubo96,ChuckPhil,2385,2445,M,confirmed,F,confirmed,1-0,C58,"Italian Game: Two Knights Defense, Polerio Defense, Bishop Check Line",2020.05.02,65,-60,lichess_elite_2020-05.pgn,Male vs Female (Confirmed)
jelmatos,amaa18,2574,2457,M,confirmed,F,confirmed,1-0,A16,"English Opening: Anglo-Indian Defense, Queen's Knight Variation",2020.05.03,91,117,lichess_elite_2020-05.pgn,Male vs Female (Confirmed)
nonsopolo,ChuckPhil,2366,2409,M,confirmed,F,confirmed,1-0,A05,King's Indian Attack: Symmetrical Defense,2020.05.03,87,-43,lichess_elite_2020-05.pgn,Male vs Female (Confirmed)
Mescalero81,amaa18,2511,2467,M,confirmed,F,confirmed,0-1,B50,Sicilian Defense: Delayed Alapin,2020.05.07,54,44,lichess_elite_2020-05.pgn,Male vs Female (Confirmed)
Papagayo,amaa18,2523,2477,M,confirmed,F,confirmed,0-1,A04,Zukertort Opening: Nimzo-Larsen Variation,2020.05.07,100,46,lichess_elite_2020-05.pgn,Male vs Female (Confirmed)
alberto99,amaa18,2595,2481,M,confirmed,F,confirmed,1-0,E10,Indian Game: Dzindzi-Indian Defense,2020.05.07,101,114,lichess_elite_2020-05.pgn,Male vs Female (Confirmed)
Renehp,Lelatoreli,2283,2404,M,confirmed,F,confirmed,1-0,B07,Pirc Defense,2020.05.12,45,-121,lichess_elite_2020-05.pgn,Male vs Female (Confirmed)
MrKooshaJ,amaa18,2415,2417,M,confirmed,F,confirmed,1-0,A04,Zukertort Opening: Nimzo-Larsen Variation,2020.05.16,141,-2,lichess_elite_2020-05.pgn,Male vs Female (Confirmed)
MrKooshaJ,amaa18,2426,2406,M,confirmed,F,confirmed,1-0,A00,Polish Opening: Czech Defense,2020.05.16,121,20,lichess_elite_2020-05.pgn,Male vs Female (Confirmed)
SaraciNderim,mlatb,2671,2525,M,confirmed,F,confirmed,1-0,D52,Queen's Gambit Declined: Cambridge Springs Variation,2020.05.19,49,146,lichess_elite_2020-05.pgn,Male vs Female (Confirmed)
SaraciNderim,mlatb,2678,2515,M,confirmed,F,confirmed,1-0,C67,"Ruy Lopez: Berlin Defense, l'Hermet Variation, Westerinen Line",2020.05.19,71,163,lichess_elite_2020-05.pgn,Male vs Female (Confirmed)
Nurlan_Ibrayev,Lelatoreli,2491,2464,M,confirmed,F,confirmed,1-0,A46,Indian Game: Polish Variation,2020.05.20,59,27,lichess_elite_2020-05.pgn,Male vs Female (Confirmed)
ChessExplained,MariyaYakimova,2502,2340,M,confirmed,F,confirmed,0-1,E94,"King's Indian Defense: Orthodox Variation, Positional Defense, Closed Line",2020.05.21,96,162,lichess_elite_2020-05.pgn,Male vs Female (Confirmed)
Ali_rastbod,amaa18,2462,2455,M,confirmed,F,confirmed,0-1,A15,"English Opening: Anglo-Indian Defense, King's Knight Variation",2020.05.24,90,7,lichess_elite_2020-05.pgn,Male vs Female (Confirmed)
Ali_rastbod,mitraasz,2457,2233,M,confirmed,F,confirmed,1-0,A45,Trompowsky Attack,2020.05.24,135,224,lichess_elite_2020-05.pgn,Male vs Female (Confirmed)
YEIKOCASTELLA,Tashik,2404,2405,M,confirmed,F,confirmed,1-0,C77,"Ruy Lopez: Morphy Defense, Mackenzie Variation",2020.05.24,29,-1,lichess_elite_2020-05.pgn,Male vs Female (Confirmed)
Aminmolaei,azchess21,2443,2393,M,confirmed,F,confirmed,1-0,D10,Slav Defense: Exchange Variation,2020.05.25,63,50,lichess_elite_2020-05.pgn,Male vs Female (Confirmed)
spacejunkie72,ChuckPhil,2481,2318,M,confirmed,F,confirmed,1-0,B31,"Sicilian Defense: Nyezhmetdinov-Rossolimo Attack, Fianchetto Variation",2020.05.25,75,163,lichess_elite_2020-05.pgn,Male vs Female (Confirmed)
Ali_rastbod,azchess21,2480,2404,M,confirmed,F,confirmed,1-0,A12,"Réti Opening: Anglo-Slav Variation, New York System",2020.05.26,115,76,lichess_elite_2020-05.pgn,Male vs Female (Confirmed)
Ali_rastbod,azchess21,2489,2395,M,confirmed,F,confirmed,1-0,A11,English Opening: Caro-Kann Defensive System,2020.05.26,115,94,lichess_elite_2020-05.pgn,Male vs Female (Confirmed)
jonashacker1,MariyaYakimova,2437,2384,M,confirmed,F,confirmed,1-0,B33,Sicilian Defense: Lasker-Pelikan Variation,2020.05.29,19,53,lichess_elite_2020-05.pgn,Male vs Female (Confirmed)
jonashacker1,MariyaYakimova,2446,2375,M,confirmed,F,confirmed,0-1,A00,Van't Kruijs Opening,2020.05.29,100,71,lichess_elite_2020-05.pgn,Male vs Female (Confirmed)
jonashacker1,MariyaYakimova,2444,2377,M,confirmed,F,confirmed,1-0,B33,"Sicilian Defense: Lasker-Pelikan Variation, Sveshnikov Variation",2020.05.29,57,67,lichess_elite_2020-05.pgn,Male vs Female (Confirmed)
Aliakbarov_Anar,Tapson67,2475,2323,M,confirmed,F,confirmed,1-0,E26,Nimzo-Indian Defense: Sämisch Variation,2020.05.30,49,152,lichess_elite_2020-05.pgn,Male vs Female (Confirmed)
NIndja64,Tashik,2771,2367,M,confirmed,F,confirmed,1-0,A34,"English Opening: Symmetrical Variation, Three Knights Variation",2020.05.30,43,404,lichess_elite_2020-05.pgn,Male vs Female (Confirmed)
Feokl1995,mutdpro,2740,2738,M,confirmed,F,confirmed,0-1,B29,"Sicilian Defense: Nimzowitsch Variation, Advance Variation",2020.05.30,66,2,lichess_elite_2020-05.pgn,Male vs Female (Confirmed)
Jumboland,mutdpro,2617,2749,M,confirmed,F,confirmed,1-0,D11,Slav Defense: Modern,2020.05.30,68,-132,lichess_elite_2020-05.pgn,Male vs Female (Confirmed)
