Player,AvgRating,GamesCount,OpeningDiversity,Aggressiveness,Platform,Player_Sex
"ADU, Oladapo",2456.109375,2560,4.004610304556367,0.36796875,Lichess,M
Aaryan Varshney,2428.4,20,2.6491586832740177,0.45,Lichess,M
"Abasov, Nijat",2702.0708661417325,127,3.869640675018864,0.4015748031496063,Lichess,M
"Abdel Razik, Khaled",2508.496907216495,485,3.819323359155672,0.4865979381443299,Lichess,M
"Abrashkin, Boris",2356.405326523167,2741,3.5673167670431645,0.4381612550164173,Lichess,M
Adarsh Tripathi,2407.155555555556,45,2.7935210250250004,0.2222222222222222,Lichess,M
Aditya Mittal,2473.0,10,2.163955656882057,0.2,Lichess,M
"Adly, Ahmed",2634.6279069767443,43,2.3430827476949103,0.6744186046511628,Lichess,M
"Aghasaryan, Robert",2537.199203187251,251,4.322228683625813,0.3745019920318725,Lichess,M
"Aghayev, Miragha",2551.1724137931037,145,4.2030461753389226,0.4344827586206896,Lichess,M
"Aitbayev, Aslan",2608.869918699187,246,3.8281929575272473,0.4024390243902439,Lichess,M
"Akselrod, Vladislav",2565.016806722689,476,3.704371545159301,0.4054621848739496,Lichess,M
"Alaimo, Riccardo",2235.8367346938776,49,2.913474747135246,0.4897959183673469,Lichess,M
"Ali Marandi, Cemil Can",2619.6373626373625,91,3.387548808824336,0.5824175824175825,Lichess,M
"Ali, Muhammad Lutfi",2517.8618784530386,181,3.819913022689228,0.4143646408839779,Lichess,M
"Aliavdin, Nikolai",2555.535874439462,2230,4.6189710467107945,0.4089686098654708,Lichess,M
"Aligozhin, Zhaslan",2465.9310344827586,116,3.6238085770771553,0.4741379310344827,Lichess,M
"Alinasab, Mobina",2442.471698113208,53,3.014018013867285,0.6415094339622641,Lichess,F
"Aliyev, Ravan",2450.646153846154,65,3.694307667456008,0.3384615384615385,Lichess,M
"Almagro Llamas, Pablo",2536.6980470706058,1997,2.69641996877042,0.5708562844266399,Lichess,M
"Almeida Quintana, Omar",2608.1428571428573,315,3.932720782019949,0.4349206349206349,Lichess,M
"Almiron, Antonio",2438.382222222222,450,4.645007259052025,0.3644444444444444,Lichess,M
"Alvarado, Carlos",2393.822033898305,118,3.0026663856758447,0.3305084745762712,Lichess,M
"Alvarez Calzadilla, Jose Avelino",2414.154098360656,305,4.37501049045792,0.4491803278688525,Lichess,M
"Alvarez Pedraza, Aramis",2503.25,76,3.054502001442141,0.3289473684210526,Lichess,M
"Amaro Alfonso, Raynner",2472.684210526316,171,3.80399135619798,0.4853801169590643,Lichess,M
"Ambartsumova, Karina",2473.872180451128,133,3.87828087557071,0.3157894736842105,Lichess,F
Amer Karim,2298.766666666667,30,2.9504258637418843,0.3333333333333333,Lichess,M
"Amin, Bassem",2591.3636363636365,22,2.8152049266199475,0.4545454545454545,Lichess,M
"Andersen, Gunnar",2461.2254601227,652,4.39570242562046,0.4984662576687116,Lichess,M
"Andonovski, Ljubisa",2322.9568452380954,672,4.059490383665652,0.4047619047619047,Lichess,M
"Andrejevs, Arvids",2376.6315789473683,76,2.431787883658889,0.4473684210526316,Lichess,M
"Annaberdiyev, Meylis",2552.7546296296296,216,3.18398909515219,0.4537037037037037,Lichess,M
"Aponte Ramos, Argimiro",2261.0,24,2.532140934034009,0.2916666666666667,Lichess,M
"Arias, Juan Cruz",2464.2953586497893,237,3.577940774209723,0.3122362869198312,Lichess,M
Aronyak Ghosh,2391.3846153846152,13,2.20478541691352,0.1538461538461538,Lichess,M
"Aroshidze, Levan",2572.937931034483,145,3.485782488015965,0.4206896551724138,Lichess,M
"Arslanov, Shamil",2469.0027855153203,359,3.896334542836756,0.362116991643454,Lichess,M
"Artemiev, Vladislav",2865.1454545454544,165,4.161973993971304,0.2727272727272727,Lichess,M
"Arutinian, David",2588.0,99,2.6113330703048367,0.2424242424242424,Lichess,M
"Asgharzadeh, Mitra",2297.153846153846,13,2.098147389135067,0.2307692307692307,Lichess,F
"Aslanov, Umid",2272.0625,16,2.393312122974524,0.375,Lichess,M
"Atabayev, Maksat",2506.955882352941,68,3.56943312352288,0.5735294117647058,Lichess,M
"Atalik, Suat",2617.344155844156,154,3.721831027399228,0.4155844155844156,Lichess,M
"Atanejhad, Sahebali",2400.228956228956,1485,4.257351043649843,0.3737373737373737,Lichess,M
"Aukhatov, Roman",2409.052197802198,364,2.962914542640916,0.3159340659340659,Lichess,M
"Aumont, Alexandre",2298.623287671233,146,3.337567983871773,0.4931506849315068,Lichess,M
"Aydincelebi, Kagan",2397.520376175549,319,3.467811796289888,0.5454545454545454,Lichess,M
"Azarov, Sergei",2655.6181818181817,110,3.5855660246572314,0.4818181818181818,Lichess,M
"Babiy, Olga",2405.2258064516127,62,3.335672242307713,0.6935483870967742,Lichess,F
"Babujian, Levon",2569.6728971962616,107,3.271299488180685,0.3551401869158878,Lichess,M
"Bacallao Alonso, Yusnel",2638.1760391198045,409,4.146179430542777,0.3227383863080684,Lichess,M
"Bachmann, Axel",2559.150442477876,113,4.039522263327274,0.4070796460176991,Lichess,M
"Bagrationi, Alexander",2502.27972027972,143,4.067161935577236,0.4895104895104895,Lichess,M
"Bakhmatsky, Vladislav",2624.490322580645,310,4.058533282806927,0.3806451612903225,Lichess,M
"Balazs, Gabor",2457.449275362319,69,3.008991495938824,0.4782608695652174,Lichess,M
"Ballecer, Dino",2526.757575757576,165,3.3023077436156867,0.6,Lichess,M
"Banawa, Joel",2534.4243119266057,436,3.7865627301486313,0.3555045871559633,Lichess,M
"Bancod, Ronald",2360.9113924050635,553,3.59256727312223,0.5370705244122965,Lichess,M
"Banikas, Hristos",2672.2875,80,3.409500575440941,0.3875,Lichess,M
"Banzea, Alexandru-Bogdan",2406.25,108,3.68663326976049,0.4444444444444444,Lichess,M
"Barp, Alberto",2524.6929824561403,114,4.048660856773501,0.3333333333333333,Lichess,M
"Bartholomew, John",2428.125,16,2.1006789212792607,0.1875,Lichess,M
"Bashirli, Nail",2505.1,10,2.163955656882057,0.7,Lichess,M
"Baskakov, Egor",2670.7977161500817,1226,2.8037583580692464,0.3580750407830342,Lichess,M
"Baskin, Robert",2403.25,12,2.3693821196946763,0.6666666666666666,Lichess,M
"Batsiashvili, Nino",2424.5412844036696,109,3.446202970677219,0.5137614678899083,Lichess,F
"Baumegger, Siegfried",2485.745614035088,342,4.055138277232468,0.5321637426900585,Lichess,M
"Beerdsen, Thomas",2528.4444444444443,252,3.7472972057276337,0.5119047619047619,Lichess,M
"Beinoras, Mindaugas",2563.1654135338345,266,2.8046409535853782,0.6616541353383458,Lichess,M
"Bekturov, Tamerlan",2466.5438596491226,57,3.632338002297338,0.2631578947368421,Lichess,M
"Belov, Vladimir",2492.0,22,2.8152049266199475,0.5,Lichess,M
"Beradze, Irakli",2577.9938744257274,653,4.301275986179808,0.5114854517611026,Lichess,M
"Bernotas, Arturs",2462.1111111111118,18,2.5823063443139667,0.6111111111111112,Lichess,M
"Bersamina, Paulo",2505.990825688073,109,3.8510565852593137,0.6238532110091743,Lichess,M
"Bettalli, Francesco",2402.348314606741,178,3.679726820928813,0.4044943820224719,Lichess,M
"Beukema, Jasper",2414.373493975904,166,3.5407353788778457,0.4277108433734939,Lichess,M
"Bilan, Danila",2309.785714285714,14,2.540036303820981,0.3571428571428571,Lichess,M
"Bitelmajer, Martin",2470.6746987951806,166,4.036761752464699,0.3855421686746988,Lichess,M
"Blesic, Vaso",2465.657942238267,1108,4.312994750558468,0.4359205776173285,Lichess,M
"Blit, Jacques",2505.5172413793102,58,3.47461951260132,0.5689655172413793,Lichess,M
"Blomqvist, Erik",2504.451612903226,62,3.202240644974979,0.5645161290322581,Lichess,M
"Bodek, Michael",2572.242424242424,66,3.355167374745539,0.5,Lichess,M
"Boe, Mads",2426.2985074626868,67,2.0445812037186366,0.4477611940298507,Lichess,M
"Bologan, Victor",2596.02752293578,109,3.632794592439561,0.4954128440366973,Lichess,M
"Boor, Carl",2419.8454545454547,220,3.935417034383266,0.4454545454545454,Lichess,M
"Boraso, Alessio",2422.7851772287863,931,3.9143725037587846,0.6047261009667024,Lichess,M
"Boros, Denes",2679.302536231884,552,3.853865790764189,0.4221014492753623,Lichess,M
"Bortnyk, Mykola",2482.25,12,1.8143075196071248,0.75,Lichess,M
"Boruchovsky, Avital",2579.1,10,2.163955656882057,0.3,Lichess,M
"Bouvier, Bruno",2410.108579088472,746,3.553890371485494,0.5254691689008043,Lichess,M
"Bouzidi, Ahmed",2359.0149625935164,401,2.9321216482561323,0.5062344139650873,Lichess,M
"Brancaleoni, Maurizio",2418.3376623376626,77,3.295950271841656,0.5064935064935064,Lichess,M
"Braun, Christian",2448.9158878504672,107,3.5106908447960383,0.6261682242990654,Lichess,M
"Brunello, Sabino",2484.0625,16,2.772588722239781,0.4375,Lichess,M
"Bryakin, Mikhail",2477.9701492537315,67,3.3372399094308585,0.373134328358209,Lichess,M
"Burcu, Cagatay",2384.153846153846,13,2.458311329683084,0.4615384615384615,Lichess,M
"Burmakin, Evgeniy",2390.1935483870966,31,2.997756703271982,0.4193548387096774,Lichess,M
"Bykov, Egor",2525.083333333333,36,2.803163733935407,0.5,Lichess,M
"Cabrera Pando, Ramiro",2420.894568690096,626,3.7689328820458914,0.4424920127795527,Lichess,M
"Camacho Collados, Jose",2483.546391752577,291,3.742519493241303,0.4432989690721649,Lichess,M
"Camacho Martinez, Guillermo",2428.858536585366,205,3.7919689868959,0.448780487804878,Lichess,M
"Campbell, Charles",2373.4405010438413,479,3.765363019190493,0.4321503131524008,Lichess,M
"Can, Melih Kaan",2347.90625,64,3.4127333965215563,0.390625,Lichess,M
"Canty, James",2427.71875,96,2.70265989228058,0.4270833333333333,Lichess,M
"Carlsson, Ludvig",2491.5348837209303,43,3.4667792012690795,0.3488372093023256,Lichess,M
"Carlstedt, Jonathan",2437.0,80,3.1789670829746965,0.375,Lichess,M
"Carnicelli, Valerio",2360.9375,16,2.393312122974524,0.5,Lichess,M
"Carvalho, Guillermo",2403.970588235294,68,2.441776748179897,0.1911764705882352,Lichess,M
"Caspi, Israel",2516.234567901234,162,3.93795545530216,0.4876543209876543,Lichess,M
"Castella Garcia, Fausto",2389.714285714286,189,3.3375549723066618,0.7142857142857143,Lichess,M
"Castillo Coca, Mairebis",2334.3611111111118,36,2.661742879219936,0.4166666666666667,Lichess,F
"Castro Torres, Jose Luis",2284.736842105264,19,2.5796246736085746,0.4210526315789473,Lichess,M
"Chandra, Akshat",2694.190476190476,483,4.587148272891293,0.3643892339544513,Lichess,M
"Cheng, Xiao",2448.8548387096776,62,3.5248308170473184,0.4354838709677419,Lichess,M
"Cheparinov, Ivan",2740.4024390243903,164,4.019840365918086,0.3841463414634146,Lichess,M
"Chernikov, Vladimir",2354.4,15,2.5232109529528914,0.0666666666666666,Lichess,M
"Chernomordik, Pavel",2363.833333333333,18,2.212256610922266,0.6666666666666666,Lichess,M
"Chernov, Mikhail",2388.735099337748,302,3.3873126482451648,0.5529801324503312,Lichess,M
"Chigaev, Maksim",2699.0344827586205,261,4.198470798268495,0.4406130268199233,Lichess,M
"Chizhikov, Vladislav",2472.9487951807228,332,3.677556552991809,0.4759036144578313,Lichess,M
"Christiansen, Johan-Sebastian",2557.75,60,3.369371673247415,0.45,Lichess,M
"Christie, Joshua",2514.38351822504,631,4.431914384367069,0.4215530903328051,Lichess,M
"Chumpitaz, Ann",2424.828244274809,262,3.891496714565845,0.5572519083969466,Lichess,F
"Chylewski, Patryk",2550.0872274143303,321,4.328657664245545,0.3582554517133956,Lichess,M
"Colovic, Dusan",2388.9767441860463,43,1.978604081121804,0.2093023255813953,Lichess,M
"Coro, Lucas",2403.610169491525,59,3.698483887158397,0.4406779661016949,Lichess,M
"Corvi, Marco",2282.3571428571427,14,2.540036303820981,0.3571428571428571,Lichess,M
"Cotonnec, Melkior",2435.0153846153844,65,2.682453782406018,0.4769230769230769,Lichess,M
"Crevatin, Leo",2404.1666666666665,12,2.484906649788001,0.75,Lichess,M
"Crispin Ferreras, Darvi Abraham",2272.3868613138684,137,3.666778300778568,0.4087591240875912,Lichess,M
"Cruz, Jonathan",2582.856707317073,328,1.1774548221982568,0.8201219512195121,Lichess,M
"Cupid, Kevin",2360.9066666666668,75,3.5759238542078267,0.4933333333333333,Lichess,M
"Daeschler, Florian",2422.181347150259,193,3.3415256554910164,0.3005181347150259,Lichess,M
"Danchevski, Orce",2447.705298013245,302,3.5931948800175526,0.3377483443708609,Lichess,M
"Daneshvar, Bardiya",2525.9166666666665,12,2.253857589601352,0.3333333333333333,Lichess,M
"Dann, Matthias",2510.731707317073,41,3.077742401906038,0.4878048780487805,Lichess,M
"Darini, Pouria",2522.61,100,3.461480323272921,0.45,Lichess,M
"Datu, Alcon John",2460.973154362416,149,3.8294542573011214,0.4295302013422818,Lichess,M
"De Prado Rodriguez, Oscar Bruno",2441.235294117647,17,1.152564616149156,0.2352941176470588,Lichess,M
"Dedebas, Emre Emin",2445.72,50,3.202777350473853,0.4,Lichess,M
"Delgadillo, Adonay",2414.659259259259,135,4.233425988131353,0.4148148148148148,Lichess,M
"Delgado Ramirez, Neuris",2543.1111111111118,36,3.1289368348758364,0.4722222222222222,Lichess,M
"Della Morte, Pablo",2407.375,16,2.512658529529802,0.625,Lichess,M
"Demidov, Mikhail",2648.169014084507,71,2.719304244596468,0.5352112676056338,Lichess,M
"Denisenko, Denis",2419.551724137931,261,1.9393571067812732,0.2950191570881226,Lichess,M
"Devaev, Alexander",2391.2692537313437,1675,3.8960373931107264,0.368955223880597,Lichess,M
"Di Benedetto, Edoardo",2483.669603524229,227,3.907409387967896,0.4625550660792951,Lichess,M
"Diaz Velandia, Jose Manuel",2592.137931034483,29,1.9431458588238968,0.0,Lichess,M
"Djordjevic, Vuk",2592.510067114094,596,3.5996035314195085,0.5637583892617449,Lichess,M
"Dodeja, Pawan",2455.298076923077,312,3.045028690815616,0.6282051282051282,Lichess,M
Dominique Myers,2306.0,20,2.579843965218023,0.7,Lichess,M
"Donchenko, Alexander",2594.309090909091,55,3.6354310517196056,0.2727272727272727,Lichess,M
"Doric, Darko",2616.0438667749795,2462,2.6856485644109984,0.661251015434606,Lichess,M
"Dorokhin, Mykhailo",2374.176470588235,17,2.3439329813080194,0.6470588235294118,Lichess,M
"Draskovic, Luka",2525.4310344827586,116,3.36301449365439,0.3879310344827586,Lichess,M
"Drozdowski, Kacper",2580.5454545454545,11,1.9722469794234416,0.2727272727272727,Lichess,M
"Drygalov, Andrey",2723.149606299213,254,3.662093127305488,0.4251968503937008,Lichess,M
"Dutina, Dario",2370.1990632318502,427,2.3422648692481154,0.5199063231850117,Lichess,M
"Dvirnyy, Danyyil",2670.05476673428,493,4.907535327950603,0.4381338742393509,Lichess,M
"Egorov, Evgeny",2555.047210300429,233,2.6209348331690823,0.4806866952789699,Lichess,M
"Eljanov, Pavel",2656.0,28,3.183672971483788,0.3214285714285714,Lichess,M
"Eminov, Orkhan",2465.8,35,2.8739572124896715,0.4,Lichess,M
"Ermolaev, Andrey",2479.2188270083784,2029,2.5727441141462872,0.1808772794480039,Lichess,M
"Ermolaev, Evgeny",2429.1428571428573,14,2.1439522006438696,0.5714285714285714,Lichess,M
"Ernst, Sipke",2488.5185185185187,27,2.8976680950647618,0.2222222222222222,Lichess,M
"Ertan, Can",2488.24011299435,354,3.2040066581282733,0.4491525423728814,Lichess,M
"Esipenko, Andrey",2589.0,14,2.540036303820981,0.2142857142857142,Lichess,M
"Espinosa Veloz, Ermes",2484.9945945945947,185,3.7683348497279128,0.5027027027027027,Lichess,M
"Euler, Gerd",2421.117021276596,470,4.756411535476351,0.4212765957446808,Lichess,M
"Eynullayev, Altay",2408.3846153846152,13,2.20478541691352,0.2307692307692307,Lichess,M
"FAWOLE, John Oyeyemi",2281.276923076923,65,3.2103408105669065,0.1538461538461538,Lichess,M
"Falcon, Benjamin",2503.261855670103,485,4.518062006332667,0.422680412371134,Lichess,M
"Fawzy, Adham",2494.722222222222,18,2.505289990918418,0.7222222222222222,Lichess,M
"Fedoseev, Vladimir",2636.24,50,3.586108320231188,0.42,Lichess,M
"Fernandez Mazzetti, Ignacio",2417.852534562212,217,3.5256683528921613,0.2396313364055299,Lichess,M
"Fernandez, Daniel",2579.5583333333334,240,3.208593761248277,0.3,Lichess,M
"Fichter, Fabian",2261.4,10,1.6957425341696346,0.8,Lichess,M
"Fier, Alexandr",2607.019841269841,252,4.46821879237582,0.4722222222222222,Lichess,M
"Firstov, Juri",2423.9411764705883,17,0.2237180760658337,1.0,Lichess,M
"Flynn, Jacob",2255.3809523809523,21,2.6895357734679943,0.2857142857142857,Lichess,M
"Fominykh, Maria",2342.818181818182,11,2.1458417525947544,0.6363636363636364,Lichess,F
"Fridman, Daniel",2591.9166666666665,12,2.210253577620973,0.5833333333333334,Lichess,M
"Gabdrakhmanov, Azat",2409.9333333333334,45,3.06924164238138,0.4888888888888889,Lichess,M
"Gabuzyan, Hovhannes",2609.318181818182,44,3.0987651368490163,0.5,Lichess,M
"Gadimbayli, Abdulla",2699.784615384616,130,3.1666601381800805,0.4461538461538462,Lichess,M
"Gaitan, Juan Manuel",2435.266666666667,15,2.2459520807289133,0.2,Lichess,M
"Galaktionov, Artem",2631.7841726618703,139,3.2872155095894704,0.3525179856115107,Lichess,M
"Galchenko, Matvey",2618.587912087912,182,3.3112146385847945,0.2912087912087912,Lichess,M
"Garcia Cardenas, Pablo",2540.5301204819275,249,4.185516670162779,0.3654618473895582,Lichess,M
"Garcia, Jan Emmanuel",2557.257575757576,66,2.592297522026281,0.0757575757575757,Lichess,M
"Gareyev, Timur",2488.590909090909,22,2.902002313205604,0.5454545454545454,Lichess,M
"Gasimov, Parviz",2388.128048780488,164,3.820622140551368,0.573170731707317,Lichess,M
"Gattass, Allan",2431.921760391198,818,4.589371991532958,0.4877750611246944,Lichess,M
"Gavarrete, Nahun",2390.575757575757,33,3.1445801968384903,0.5454545454545454,Lichess,M
"Gazic, Josip",2281.3939393939395,33,2.784996118900933,0.6060606060606061,Lichess,M
"Gedajlovic, Max",2519.9498069498068,259,3.098983282278708,0.1428571428571428,Lichess,M
"Geivondian, Arman",2447.204778156997,586,3.5850453778815314,0.447098976109215,Lichess,M
"Gelman, Alexander",2460.454545454545,319,3.562254183361645,0.2821316614420062,Lichess,M
"Genocchio, Daniele",2461.1803921568626,1020,4.42769396534316,0.3803921568627451,Lichess,M
"Gerasimenyuk, Mikhail",2382.871794871795,39,2.1191967946496844,0.5128205128205128,Lichess,M
"Ghane, Shojaat",2345.923076923077,13,2.351673301904631,0.3846153846153846,Lichess,M
"Gheng, Josef",2421.1345454545453,825,4.209878602899664,0.4303030303030303,Lichess,M
"Ghersinich, Enrico",2430.631188118812,404,3.897241252600469,0.4653465346534653,Lichess,M
"Ghorbani, Hadi",2419.513029315961,614,3.864309068153596,0.4918566775244299,Lichess,M
"Giannatos, Peter",2428.1115384615387,260,3.837427975777447,0.5269230769230769,Lichess,M
"Gilevych, Artem",2471.9418604651164,172,4.03045258513668,0.377906976744186,Lichess,M
"Gimenez Aguirre, Alejo Ismael",2407.575757575757,33,2.7870937391749315,0.5757575757575758,Lichess,M
"Ginsburg, Gennadi",2433.470588235294,187,4.166013160897071,0.3903743315508021,Lichess,M
"Givon, Asaf",2541.804162724693,2114,4.2255965464650105,0.4687795648060548,Lichess,M
"Gnojek, Petr",2336.6666666666665,18,2.659322697709517,0.3888888888888889,Lichess,M
"Golizadeh, Asghar",2664.10970464135,237,4.096192502405112,0.430379746835443,Lichess,M
"Golubev, Mikhail",2495.561797752809,178,3.342750455078494,0.4662921348314606,Lichess,M
"Golubka, Petro",2567.955990220049,409,4.672113559453109,0.4058679706601467,Lichess,M
"Gomez Sanchez, Jorge Marcos",2478.3286384976527,213,3.3759963349886983,0.5305164319248826,Lichess,M
"Gomez, Carlos David",2484.431654676259,1112,4.583488458806508,0.4334532374100719,Lichess,M
"Gongora Montes, Benjamin",2359.0526315789475,38,1.6542904076499254,0.631578947368421,Lichess,M
"Gordievsky, Dmitry",2595.406976744186,86,3.1666211299357663,0.3488372093023256,Lichess,M
"Gorodetzky, David",2646.7166666666667,120,3.836371266415144,0.4333333333333333,Lichess,M
"Grabinsky, Joshua",2507.883333333333,60,2.940366387338377,0.5166666666666667,Lichess,M
"Graif, William",2442.1176470588234,187,2.620585028466824,0.427807486631016,Lichess,M
"Grigorov, Grigor",2689.174603174604,126,3.3325762808130444,0.2539682539682539,Lichess,M
"Grigoryan, Karen",2736.224,125,3.340920736245302,0.448,Lichess,M
"Grinev, Valeriy",2612.3414634146343,41,3.314426805024068,0.4146341463414634,Lichess,M
"Grishchenko, Sergey",2577.1491935483878,248,3.363230300519985,0.5,Lichess,M
"Gschnitzer, Adrian",2502.1451612903224,62,2.487960128961021,0.7258064516129032,Lichess,M
"Guven, Oguz Kagan",2443.42,250,3.946759438506464,0.372,Lichess,M
"Guzman, Christopher",2485.451834862385,436,3.707836127696599,0.5206422018348624,Lichess,M
"Gwaze, Robert",2555.457551385165,1119,4.157857469247827,0.4253798033958892,Lichess,M
"Hacker, Jonas",2402.2363636363634,55,3.294912417019663,0.4181818181818181,Lichess,M
"Hadzovic, Amir",2379.766081871345,171,2.584650323802242,0.5672514619883041,Lichess,M
"Hafiz, Arif Abdul",2683.620606060606,825,3.492883044012446,0.6012121212121212,Lichess,M
"Hajiyev, Kanan",2389.9271844660198,412,3.762125200826784,0.2815533980582524,Lichess,M
"Hansen, Eric",2717.049645390071,141,3.9164957942017264,0.5460992907801419,Lichess,M
"Hapaku, Charles",2367.1533018867926,424,3.9976007354571297,0.2924528301886792,Lichess,M
Harsha Bharathakoti,2596.3,50,3.239263709283648,0.46,Lichess,M
"Hartge, Gedeon",2405.2820512820517,78,3.3756067309515614,0.4487179487179487,Lichess,M
"Haub, Thorsten Michael",2458.866666666667,15,0.7201248812718097,0.1333333333333333,Lichess,M
"Haug, Johannes",2417.6,45,3.001615746230521,0.5111111111111111,Lichess,M
"Hauge, Lars Oskar",2466.2792792792798,111,3.380946045186502,0.4864864864864865,Lichess,M
"Haussernot, Cecile",2520.333333333333,21,2.9785084205272367,0.6666666666666666,Lichess,F
"Hemam, Moulaye Brahim",2255.0222222222224,45,2.7570995605730984,0.5777777777777777,Lichess,M
"Herrera, Martin",2256.275641025641,156,3.6916954137081937,0.2628205128205128,Lichess,M
"Hertneck, Gerald",2458.783505154639,97,3.5197993241896715,0.2371134020618556,Lichess,M
"Hesham, Abdelrahman",2532.689045936396,283,3.963501159085512,0.4770318021201413,Lichess,M
"Hirneise, Jens",2504.3655287260617,1201,4.219771298076174,0.511240632805995,Lichess,M
"Hnydiuk, Aleksander",2420.366666666667,30,3.1064969046460256,0.4333333333333333,Lichess,M
"Hopman, Pieter",2446.939393939394,132,3.8732640386941455,0.3181818181818182,Lichess,M
"Hossain, Enamul",2430.910714285714,112,3.990535570643945,0.4285714285714285,Lichess,M
"Hosseinzadeh, Nima",2442.266990291262,206,3.828196538316259,0.5048543689320388,Lichess,M
Hou Ji Yao,2410.7848837209303,172,3.4185331843458515,0.4941860465116279,Lichess,M
"Hua, Eugene",2322.0,10,2.025326220770068,0.2,Lichess,M
"Hulka, Valentyn",2392.439393939394,66,3.2074254106560005,0.5606060606060606,Lichess,M
"Hungaski, Robert",2615.4656084656085,756,4.563383589753372,0.4365079365079365,Lichess,M
Hunter Klotz-Burwell,2506.680365296804,219,3.300307502655169,0.3105022831050228,Lichess,M
"Husbands, Orlando",2474.912114014252,421,4.052763889946242,0.5083135391923991,Lichess,M
"Huschenbeth, Niclas",2473.3846153846152,13,2.20478541691352,0.2307692307692307,Lichess,M
"Ibrayev, Nurlan",2499.5481927710844,332,4.508450094502042,0.358433734939759,Lichess,M
"Idani, Pouya",2598.9,20,2.7616257121977803,0.4,Lichess,M
"Indjic, Aleksandar",2747.57345971564,211,4.413304483521031,0.4881516587677725,Lichess,M
"Irizanin, Radoje",2360.007299270073,137,2.471608202251785,0.2992700729927007,Lichess,M
"Isajevsky, Anton",2501.3375,80,3.163228772742152,0.2375,Lichess,M
"Iskandarov, Misratdin",2599.821052631579,95,3.852419492973664,0.5473684210526316,Lichess,M
"Ivanisevic, Ivan",2535.4666666666667,15,2.488327743368588,0.4666666666666667,Lichess,M
"Ivic, Matija",2495.409090909091,22,2.536220969470581,0.3181818181818182,Lichess,M
"Ivlev, Aleksey",2591.192307692308,286,4.308335913342036,0.3706293706293706,Lichess,M
"Jacobsen, Mikkel Manosri",2365.2927927927926,222,3.606882818210375,0.3468468468468468,Lichess,M
"Jaferian, Koosha",2371.719298245614,57,1.413476521291145,0.4035087719298245,Lichess,M
"Jahnz, Fabian",2352.333333333333,12,1.8200759753606215,0.1666666666666666,Lichess,M
"Janik, Igor",2439.3474576271187,118,3.760749119719087,0.4830508474576271,Lichess,M
"Jaracz, Pawel",2513.1428571428573,35,3.1443140113476007,0.4857142857142857,Lichess,M
"Jarmula, Lukasz",2552.7618069815194,1461,4.543355609211735,0.4982888432580424,Lichess,M
"Javakhishvili, Lela",2429.620689655173,29,2.98486979933271,0.4482758620689655,Lichess,F
Javier Benitez,2470.9,10,1.9730014063936128,0.3,Lichess,M
"Jegorovas, Aleksandras",2417.4809160305344,262,3.988346193335756,0.3816793893129771,Lichess,M
"Jere, Daniel",2577.993079584775,289,2.1177670459827587,0.0,Lichess,M
Jesús González Mata,2382.106382978724,141,3.1797646569368743,0.4042553191489361,Lichess,M
"Jocev, Milan",2447.0,22,2.5992343495214847,0.5,Lichess,M
"Jorquera, Marcelo",2362.233333333333,30,2.213006287732542,0.6,Lichess,M
Josè Rafael Sequera Paolini,2395.848214285714,112,3.1780569652042634,0.4821428571428571,Lichess,F
"Jovic, Stevan",2415.159284497445,2348,3.98392773228922,0.4092844974446337,Lichess,M
"Juhasz, Armin",2540.409523809524,315,4.107306957882385,0.4095238095238095,Lichess,M
"Jumabayev, Rinat",2543.090909090909,22,2.752191546569044,0.4545454545454545,Lichess,M
"Kalantaryan, Norayr",2528.9526627218934,169,3.486094541679972,0.4023668639053254,Lichess,M
"Kalvaitis, Sigitas",2480.88344988345,429,3.4565606891800424,0.4778554778554778,Lichess,M
"Kamalsyah, Muhammad",2388.714285714286,14,2.540036303820981,0.4285714285714285,Lichess,M
"Kandil, Adham",2437.875,56,3.451468800646342,0.5178571428571429,Lichess,M
"Kantans, Toms",2528.57880055788,717,3.934579971115205,0.4393305439330544,Lichess,M
"Kanyamarala, Tarun",2380.214285714286,14,2.242973226438147,0.8571428571428571,Lichess,M
"Kapitanchuk, Tomas",2423.6666666666665,30,2.904216051704555,0.5,Lichess,M
"Karas, Marek",2354.7027027027025,37,2.950346309190239,0.3513513513513513,Lichess,M
"Karim, Ismael",2467.9485094850947,738,3.84796630306716,0.5176151761517616,Lichess,M
"Karimov, Farukh",2412.266666666667,30,2.884467064611005,0.3333333333333333,Lichess,M
"Karttunen, Mika",2534.88271068636,1151,4.522685186923628,0.4317984361424848,Lichess,M
"Kashtanov, Ruslan",2460.1428571428573,91,3.4030489044075445,0.4945054945054945,Lichess,M
"Kavyev, Ruslan",2422.5806451612902,31,3.031514648030985,0.2258064516129032,Lichess,M
"Kazakov, Konstantin",2489.7272727272725,99,2.611686216949262,0.1919191919191919,Lichess,M
"Kezin, Roman",2621.841628959276,221,3.718370628779232,0.3891402714932127,Lichess,M
"Khairat, Ahmed",2331.456,750,3.5249624649758013,0.7133333333333334,Lichess,M
"Khanin, Semen",2572.9489795918366,98,3.972245242573176,0.5,Lichess,M
"Khlebovich, Alexander",2679.225,1640,3.915001784314759,0.2890243902439024,Lichess,M
"Khodabandeh, Milad",2356.296296296296,27,2.8657034203478973,0.5185185185185185,Lichess,M
"Khusnutdinov, Rustam",2657.5454545454545,44,3.106487820339716,0.3409090909090909,Lichess,M
"Kiremitciyan, Ari",2457.9641943734014,391,3.051609290659316,0.3810741687979539,Lichess,M
"Klekowski, Maciej",2545.420560747664,107,3.8115661940729617,0.2710280373831775,Lichess,M
"Klimenko, Sergey",2467.6388888888887,36,2.6970780392196048,0.3888888888888889,Lichess,M
"Klukin, Kirill",2589.8201058201057,378,3.8166080774073774,0.2857142857142857,Lichess,M
"Kobo, Ori",2645.335483870968,155,3.9150003454299274,0.4193548387096774,Lichess,M
"Kollars, Dmitrij",2570.914634146341,82,3.797771697665805,0.4756097560975609,Lichess,M
"Korchmar, Vasiliy",2614.204545454545,44,2.643954008669722,0.4772727272727273,Lichess,M
"Korkmaz, Necmettin",2388.9173553719006,121,3.198528793601389,0.371900826446281,Lichess,M
"Korley, Kassa",2403.366666666667,30,2.9216576564967065,0.4333333333333333,Lichess,M
"Korobkin, Maxim",2536.089108910891,909,4.676070880373743,0.3344334433443344,Lichess,M
"Kosakowski, Jakub",2448.0714285714284,28,3.134162458586648,0.5357142857142857,Lichess,M
"Kostin, Konstantin",2407.64,50,2.8970474882373938,0.52,Lichess,M
"Koutsin, Sergey",2452.7244094488187,635,3.825920904887092,0.3874015748031496,Lichess,M
"Koval, Artem",2392.4,20,2.6923109941417858,0.55,Lichess,M
"Kovalchuk, Alexey",2501.9259927797834,554,4.029212564925474,0.4133574007220216,Lichess,M
"Kovalenko, Igor",2744.611464968153,314,4.322844299799226,0.3248407643312102,Lichess,M
"Kovalev, Vladislav",2721.293478260869,92,2.932212566154647,0.5108695652173914,Lichess,M
"Kowalski, Igor",2514.75,12,2.484906649788001,0.5833333333333334,Lichess,M
"Kozhuharov, Spas",2553.25956284153,366,3.8186866951184872,0.3469945355191257,Lichess,M
"Kozlov, Roman",2502.82962962963,135,3.6942731335036014,0.362962962962963,Lichess,M
"Kozlov, Stanislav",2411.9033613445376,238,3.727872132176992,0.5210084033613446,Lichess,M
"Kozusek, Daniel",2401.1111111111118,216,4.228797759048057,0.5138888888888888,Lichess,M
"Krasikov, Vladislav",2480.119318181818,1232,4.323573191681117,0.4496753246753247,Lichess,M
"Krykun, Yuriy",2442.6786355475765,557,4.780845034282207,0.4452423698384201,Lichess,M
"Krzyzanowski, Marcin",2552.3532219570407,419,4.370871509501549,0.5035799522673031,Lichess,M
Kudakwashe Sibanda,2351.938775510204,98,3.8473975213255502,0.3265306122448979,Lichess,M
"Kuegel, Tobias",2343.0689655172414,29,2.994200027075774,0.6206896551724138,Lichess,M
"Kuipers, Eelco",2423.0988372093025,516,2.809842519627395,0.4709302325581395,Lichess,M
"Kuipers, Stefan",2527.804054054054,444,3.755490341296016,0.4639639639639639,Lichess,M
"Kukov, Velislav",2403.043478260869,46,1.2419980312939796,0.1739130434782608,Lichess,M
"Kumic, Filip",2461.4258620689657,2900,4.549273878852574,0.4717241379310344,Lichess,M
"Kunin, Vitaly",2552.275,40,2.169063592589746,0.35,Lichess,M
"Kurayan, Ruslan",2443.9310344827586,29,2.41423511660638,0.6551724137931034,Lichess,M
"Kushko, Dmitriy",2495.536327608983,757,3.473393033135776,0.5891677675033025,Lichess,M
"Kuznecov, Mikhail",2562.2507552870093,331,1.813128101166736,0.2598187311178248,Lichess,M
"Kvon, Andrey",2518.833333333333,30,3.308777757587496,0.5,Lichess,M
"L'Ami, Erwin",2688.470588235294,51,3.656406148775842,0.5098039215686274,Lichess,M
"La Manna, Andrea",2388.75,28,2.613818107688892,0.3928571428571428,Lichess,M
"Lambrechts, Koen",2340.3548387096776,93,3.573156673904821,0.4193548387096774,Lichess,M
"Landi, Alberto",2438.019230769231,104,2.768290356803516,0.5576923076923077,Lichess,M
"Langheinrich, Ferenc",2480.659574468085,47,3.433305662862139,0.4042553191489361,Lichess,M
"Lavrik, Dmitry",2520.080882352941,136,3.404678316436647,0.3897058823529412,Lichess,M
"Laylo, Darwin",2448.769736842105,152,3.1967712717611976,0.2697368421052631,Lichess,M
"Lazavik, Denis",2522.403225806452,62,3.6366287493956952,0.4677419354838709,Lichess,M
"Leenhouts, Koen",2491.835874439462,1115,4.44318922689784,0.3174887892376681,Lichess,M
"Leon Valdes, Jony Wilson",2423.1372549019607,51,3.255335220477653,0.1568627450980392,Lichess,M
"Lewtak, Damian",2437.454545454545,88,3.570326630277957,0.3522727272727273,Lichess,M
"Leyva, Hector",2413.2754237288136,236,3.964906390109253,0.4152542372881356,Lichess,M
"Li, Henry",2379.09375,96,3.19039185418231,0.4166666666666667,Lichess,M
Liem Quang Le,2844.923728813559,118,3.64063269897288,0.4491525423728814,Lichess,M
"Limontaite, Simona",2315.9333333333334,15,2.7080502011022105,0.4,Lichess,F
"Liubarov, Mark",2316.0714285714284,14,1.90853528164356,0.5714285714285714,Lichess,M
"Liyanage, Ranindu Dilshan",2437.9181286549706,171,3.514505941656876,0.4327485380116959,Lichess,M
"Lodici, Lorenzo",2511.0,23,2.954673212304816,0.3043478260869565,Lichess,M
"Loiacono, Leonardo",2474.9518229166665,768,3.6758122527459776,0.4908854166666667,Lichess,M
"Lombaers, Peter",2426.7330612244896,1225,4.002982586040655,0.3404081632653061,Lichess,M
"Lopez, Mario Yber",2313.4514767932487,237,3.6372047556447447,0.4388185654008439,Lichess,M
"Lorparizangeneh, Shahin",2604.063492063492,63,3.256309472600234,0.492063492063492,Lichess,M
"Lovkov, Roman",2541.428571428572,14,2.6390573296152584,0.4285714285714285,Lichess,M
"Luke Brezmes, Cristofer",2261.3529411764707,17,1.905420043110137,0.4117647058823529,Lichess,M
"Lund, Gunnar",2415.222222222222,108,2.702108031376176,0.4907407407407407,Lichess,M
"Macovei, Andrei",2535.8283261802576,233,3.602160316516621,0.3776824034334764,Lichess,M
"Madaminov, Mukhiddin",2431.8076923076924,26,2.511630343572311,0.2307692307692307,Lichess,M
"Madrigal, Mariano",2379.155555555556,45,2.953566545250518,0.5333333333333333,Lichess,M
"Maerevoet, Sim",2506.1341463414637,82,3.829677072285593,0.3536585365853658,Lichess,M
Mafaaz Khalid,2284.435897435897,78,3.0403588245775226,0.4102564102564102,Lichess,M
"Mahdavirad, Mehdi",2407.6762589928057,139,0.4781076805806393,0.9136690647482014,Lichess,M
"Mahdian, Anousha",2372.016129032258,124,2.8428096358440262,0.3870967741935484,Lichess,F
"Maidel, Anton",2507.3804347826085,644,4.634092853811673,0.4068322981366459,Lichess,M
"Maier, Christian",2403.630681818182,176,3.3137332280164724,0.4772727272727273,Lichess,M
"Makarian, Rudik",2465.1,10,2.302585092994045,0.5,Lichess,M
"Maksimovic, Dejan",2449.63,1200,1.7610892733011871,0.0158333333333333,Lichess,M
"Malmstig, Erik",2298.090909090909,55,2.083577225491938,0.6909090909090909,Lichess,M
"Mamedov, Rauf",2526.6666666666665,12,2.3693821196946763,0.4166666666666667,Lichess,M
"Mammadov, Zaur",2608.6632653061224,294,2.3340087704180483,0.5238095238095238,Lichess,M
"Mammadova, Gulnar",2526.3764705882354,340,3.3474748084061288,0.4058823529411764,Lichess,F
"Manakov, Ilya",2428.0,170,2.649250606301069,0.3823529411764705,Lichess,M
"Mandura, Tijana",2418.4437194127245,613,4.252604023157513,0.4274061990212072,Lichess,F
"Manukyan, Artyom",2471.7042253521126,71,3.117221113032567,0.3943661971830985,Lichess,M
"Marcelin, Cyril",2531.4898132427843,1178,3.5253788895569342,0.3522920203735144,Lichess,M
"Mardov, Dimitar",2469.303135888502,287,4.294670102880192,0.4564459930313589,Lichess,M
"Margana, Adhy",2431.8230769230768,130,3.6696776348583153,0.3,Lichess,M
"Markov, Mikhail",2622.929411764706,170,3.165612037951381,0.2,Lichess,M
"Martin Duque, Jesus",2425.810810810811,37,2.7790219256012407,0.4864864864864865,Lichess,M
"Martinez Romero, Martin",2438.406976744186,86,3.90809543259468,0.4767441860465116,Lichess,M
"Martinovic, Sasa",2665.9437984496126,1032,3.459954154795433,0.5058139534883721,Lichess,M
"Mata Gonzalez, Jose Fernando",2486.72027972028,143,2.4598495696730245,0.4335664335664335,Lichess,M
"Matviishen, Viktor",2517.090909090909,33,3.2024451212289278,0.303030303030303,Lichess,M
"Mazanchenko, Dmitry",2272.0263157894738,38,2.959738206571769,0.631578947368421,Lichess,M
"Mchedlishvili, Mikheil",2673.4862385321103,109,3.624773862045772,0.4311926605504587,Lichess,M
"Medina Diaz, Rafael Alejandro",2273.5454545454545,11,2.3978952727983707,0.3636363636363636,Lichess,M
"Medina Paz, Miguel",2489.6425120772947,207,3.8120199072243257,0.4202898550724637,Lichess,M
"Mejia, Cherry Ann",2264.448275862069,29,2.404904888863316,0.4827586206896552,Lichess,F
"Meshkovs, Nikita",2654.5648854961837,131,3.9332935434981455,0.4198473282442748,Lichess,M
"Mesnyankin, Nikita",2348.9333333333334,15,2.048882827901344,0.3333333333333333,Lichess,M
"Mihok, Oliver",2548.6979405034326,1311,4.049601792806204,0.5339435545385202,Lichess,M
"Mikaelyan, Arman",2636.266666666667,135,3.890319094829185,0.4814814814814814,Lichess,M
"Mikanovic, Sandro",2421.7272727272725,22,2.3471808293178684,0.0909090909090909,Lichess,M
"Mikhailov, Viacheslav",2577.705035971223,139,2.894729501559902,0.5467625899280576,Lichess,M
"Mikrut, Dariusz",2445.257575757576,132,3.908515002257685,0.3636363636363636,Lichess,M
"Milanovic, Danilo",2542.805555555556,36,2.991361617329364,0.3888888888888889,Lichess,M
"Milchev, Nikolay",2503.3354430379745,316,2.985364061586882,0.2848101265822785,Lichess,M
Minh Le,2714.3554006968643,287,3.9896495303091135,0.3519163763066202,Lichess,F
"Minina, Veronika",2352.3636363636365,22,2.2243004996270583,0.2272727272727272,Lichess,F
"Miron, Lucian-Costin",2493.3458980044347,451,4.404745543139439,0.4567627494456763,Lichess,M
"Mirzoev, Azer",2524.2105263157896,19,2.62504815873254,0.4736842105263157,Lichess,M
"Mkrtchyan, Simon",2479.5,86,3.5905144610154194,0.3255813953488372,Lichess,M
"Moiseenko, Vadim",2631.2910344827587,725,4.482887828819062,0.4606896551724138,Lichess,M
"Molaei, Mohammadamin",2474.3867924528304,212,3.7287090816457327,0.3962264150943396,Lichess,M
"Moradiabadi, Elshan",2572.9814814814813,108,3.7081190477002823,0.4444444444444444,Lichess,M
"Moranda, Wojciech",2654.0405405405404,148,4.20249167765496,0.4054054054054054,Lichess,M
"Moroni, Luca Jr",2590.2258064516127,93,3.5601239718363296,0.4301075268817204,Lichess,M
"Morozov, Nichita",2481.75572519084,262,4.002349780124318,0.3396946564885496,Lichess,M
"Morris, James",2496.5,10,1.834371970281624,0.4,Lichess,M
"Mortazavi, Ali",2467.551658767773,2110,3.28770028023396,0.5526066350710901,Lichess,M
"Mosadeghpour, Masoud",2550.853658536585,41,2.842746327301226,0.5121951219512195,Lichess,M
"Movahed, Sina",2416.2125,80,3.3237731401224826,0.6625,Lichess,M
"Muradov, Soltan",2419.010752688172,93,3.79992233367148,0.5483870967741935,Lichess,M
"Murzin, Volodar",2533.842105263158,76,2.7890669074163816,0.6578947368421053,Lichess,M
Mushini Ajay,2437.214285714286,126,4.004645416434552,0.492063492063492,Lichess,M
"Musovic, Armin",2524.1153846153848,26,0.3245083869310706,0.0,Lichess,M
"Mwenya, Oscar",2348.4436363636364,275,3.933273814984788,0.5454545454545454,Lichess,M
"Nakahara, Kan",2425.4901960784314,51,3.503572462051238,0.4901960784313725,Lichess,M
"Nalbant, Tuna Onat",2620.6567164179105,67,3.5113431846014937,0.3880597014925373,Lichess,M
"Narvaez Ramirez, Faber Alberto",2368.345353675451,1442,4.501275268423759,0.4687933425797503,Lichess,M
"Nassr, Ali",2440.294117647059,17,2.5577938601077324,0.4117647058823529,Lichess,M
"Nava, Roderick",2451.9327731092435,119,2.998215999656706,0.4705882352941176,Lichess,M
"Nazari, Arad",2449.5454545454545,11,1.893788232391138,0.5454545454545454,Lichess,M
"Nedev, Tanio",2285.3478260869565,23,2.751102289386372,0.2608695652173913,Lichess,M
"Needleman, Alejandro",2409.8444444444444,225,3.207175032032572,0.3955555555555555,Lichess,M
"Needleman, Gaston",2395.1739130434785,23,2.690828621511594,0.5217391304347826,Lichess,M
"Neiksans, Arturs",2612.1136363636365,44,2.7795289168178203,0.3636363636363636,Lichess,M
"Neimer, Vitaly",2424.1071428571427,28,2.9174329732922164,0.5357142857142857,Lichess,M
"Nesterov, Arseniy",2672.5474452554745,137,3.3667608923209835,0.5912408759124088,Lichess,M
"Neugebauer, Martin",2500.9413369713507,1466,4.545581008434462,0.534106412005457,Lichess,M
"Neuman, Petr",2495.2514285714287,175,3.816343039871626,0.3371428571428571,Lichess,M
Nghia Dong,2472.157894736842,38,2.2867178868427787,0.1842105263157894,Lichess,M
"Nguyen, Thai Dai Van",2565.5,50,3.596573283106479,0.38,Lichess,M
"Nielsen, Viktor Haarmark",2427.8365384615386,312,4.163959524666222,0.4230769230769231,Lichess,M
Nihal Sarin,2593.6,15,2.7080502011022105,0.3333333333333333,Lichess,M
"Nikolashvili, Giorgi",2491.205882352941,102,2.6501472934709485,0.7058823529411765,Lichess,M
"Nikologorskiy, Konstantin",2440.969696969697,33,3.2706069569402985,0.4848484848484848,Lichess,M
"Nikolova, Adriana",2380.1666666666665,18,2.5532370029937144,0.1111111111111111,Lichess,F
"Nilsson, Joakim",2490.143884892086,139,2.6254565798674063,0.3741007194244604,Lichess,M
Nitish Belurkar,2513.153846153846,286,3.207482912924496,0.6083916083916084,Lichess,M
"Njili, Kamel",2460.855421686747,83,3.6381402242579104,0.4216867469879518,Lichess,M
"Noe, Christopher",2557.7105263157896,38,2.948553400308995,0.4473684210526316,Lichess,M
"Nogueira, Ivan Kuhlmann",2400.0404411764707,272,2.440466208093627,0.2242647058823529,Lichess,M
"Nordahl, Helge",2432.313725490196,408,4.112335796626109,0.5147058823529411,Lichess,M
"Novikov, Evgenij",2414.8308270676694,266,4.352141944901793,0.3909774436090225,Lichess,M
"Nozdrachev, Vladislav",2682.0865051903115,289,4.004225967585986,0.4878892733564013,Lichess,M
"Nsubuga, Haruna",2257.7021276595747,47,3.254242010255789,0.2765957446808511,Lichess,M
"Nuri, Murad",2530.557620817844,269,4.253991045724251,0.3382899628252788,Lichess,M
"Nyambe, Maketo",2284.333333333333,12,2.253857589601352,0.6666666666666666,Lichess,M
"Obad, Andrija",2431.0338983050847,295,3.9588813187438543,0.376271186440678,Lichess,M
"Obgolts, Erik",2598.2139303482586,201,2.6262780818627847,0.2885572139303483,Lichess,M
"Oboladze, Luka",2483.38219895288,191,4.235388966621667,0.4031413612565445,Lichess,M
"Obregon Rivero, Juan Carlos",2525.7,40,2.7439582568493237,0.625,Lichess,M
"Ohanyan, Emin",2427.6060606060605,99,3.320967158162875,0.5252525252525253,Lichess,M
"Ojeda, Jesus David",2312.6666666666665,42,3.329127225969004,0.3571428571428571,Lichess,M
"Okara, Andrey",2448.2439585730726,869,4.072658422435205,0.5431530494821634,Lichess,M
"Okas, Walter",2400.6666666666665,210,3.5204650459275086,0.3714285714285714,Lichess,M
"Okike, David",2326.45566286216,4556,3.936513682770018,0.4225197541703248,Lichess,M
"Olsson, William",2372.784753363229,223,2.777307735554604,0.2152466367713004,Lichess,M
"Oparin, Grigoriy",2717.5117647058823,340,4.120381416170106,0.4529411764705882,Lichess,M
"Oragwu, Chukwunonso",2345.233830845771,201,4.097556025264376,0.5422885572139303,Lichess,M
"Orlov, Andrey",2565.1881188118814,101,3.1773750974756703,0.4257425742574257,Lichess,M
"Ortega Amarelle, Mariano",2439.7745901639346,244,4.49499386905553,0.3893442622950819,Lichess,M
"Osmak, Yuliia",2512.2366863905327,169,3.7132565406516354,0.4615384615384615,Lichess,F
"Ozen, Bahadir",2576.65,120,3.4391587037100777,0.3916666666666666,Lichess,M
"Pakhomov, Egor",2590.6283185840707,226,3.179170218440417,0.3982300884955752,Lichess,M
"Palachev, Petr",2567.36,25,2.6779500033638755,0.28,Lichess,M
"Palchuk, Andrii",2456.53021978022,364,4.219045418617309,0.4258241758241758,Lichess,M
"Palencia Morales, Wilson Guillermo",2375.080985915493,284,3.832283630926756,0.3133802816901408,Lichess,M
"Palu, Andres",2428.8840579710145,207,3.174293473186903,0.5458937198067633,Lichess,M
"Pantzar, Milton",2489.6702127659573,94,3.830950677186909,0.3829787234042553,Lichess,M
"Papakonstantinou, Dimitrios",2400.9,10,1.193549604098133,0.5,Lichess,M
"Papayan, Oleg",2432.9,40,3.1775140205337475,0.5,Lichess,M
"Papp, Levente",2466.1363636363635,44,2.891431275793636,0.1136363636363636,Lichess,M
"Papp, Petra",2534.25,32,2.815910421024777,0.625,Lichess,F
"Parraga, Alejandro",2379.1866666666665,75,3.7280871595040512,0.4533333333333333,Lichess,M
"Pascua, Haridas",2636.2616279069766,172,4.288689744849622,0.4767441860465116,Lichess,M
"Paszewski, Mateusz",2461.124260355029,169,3.648569088115792,0.4260355029585799,Lichess,M
"Paulsen, Dirk",2431.8359375,128,3.453907677478241,0.375,Lichess,M
"Paveto, Kevin",2450.6428571428573,14,2.540036303820981,0.5714285714285714,Lichess,M
"Peng, Li Min",2578.1463414634145,164,3.763949543095341,0.5,Lichess,M
"Perera Alfonso, Rene Humberto",2434.04932735426,223,3.568458933168172,0.4125560538116592,Lichess,M
"Perez Marimon, Jorge De Jesus",2323.333333333333,36,3.0228511401600344,0.5277777777777778,Lichess,M
"Perez Ponsa, Federico",2724.214285714286,98,3.829621036324903,0.4183673469387755,Lichess,M
"Perez, Daniel",2450.6001984126983,1008,3.404038949419766,0.5138888888888888,Lichess,M
"Perez, Maximiliano",2470.6911764705883,68,2.9065142624570792,0.4705882352941176,Lichess,M
"Perrine, Dalton",2434.0516129032258,155,2.937456745906088,0.5483870967741935,Lichess,M
"Persson, Richard",2279.566037735849,53,2.5369181934933294,0.660377358490566,Lichess,M
"Perunovic, Milos",2546.230769230769,26,2.68465654191656,0.4230769230769231,Lichess,M
"Petronijevic, Zoran",2562.134285714286,350,2.701802514789323,0.5428571428571428,Lichess,M
"Petrosyan, Manuel",2654.405797101449,69,3.5231695516354526,0.2753623188405797,Lichess,M
"Petrov, Martin",2518.7875,80,3.525176692493409,0.25,Lichess,M
"Pfreundt, Jakob",2535.85257985258,407,4.180655362207016,0.4668304668304668,Lichess,M
"Pichot, Alan",2593.375,24,2.947004770161298,0.3333333333333333,Lichess,M
"Piliposyan, Robert",2497.665071770335,209,4.13098447174017,0.4210526315789473,Lichess,M
"Pinto, Daniel",2326.454545454545,11,1.8937882323911377,0.1818181818181818,Lichess,M
"Piscopo, Pierluigi",2469.904069767442,1376,4.734338851748571,0.4469476744186046,Lichess,M
"Plenca, Jadranko",2577.5041666666666,480,3.812734393847595,0.49375,Lichess,M
"Plenca, Julijan",2470.395613322502,1231,4.7410567313244965,0.5467099918765231,Lichess,M
"Plichta, Kamil",2572.7551224387807,2001,4.30948142671771,0.56071964017991,Lichess,M
"Plotkin, Mark",2478.547297297297,592,4.598259370855056,0.5236486486486487,Lichess,M
"Poetsch, Hagen",2526.9117647058824,34,2.990911208006388,0.5882352941176471,Lichess,M
"Pogosian, Manvel",2403.096153846154,104,3.823554574352428,0.3846153846153846,Lichess,M
"Polo, Victor Ramon",2262.59375,32,2.430901007066591,0.34375,Lichess,M
"Pomares Diaz, Manuel Alejandro",2344.1743119266057,218,3.742833564111,0.3807339449541284,Lichess,M
"Popovic, Dusan",2673.8434782608697,115,3.83610063966252,0.4695652173913043,Lichess,M
"Posthuma, Joshua",2531.8908341915558,1942,3.936847847626852,0.4181256436663234,Lichess,M
"Pourramezanali, Amirreza",2605.9076923076923,65,3.3359010900023263,0.4153846153846154,Lichess,M
"Predojevic, Borki",2719.435582822086,163,3.884511553978948,0.3987730061349693,Lichess,M
"Proudian, Armen",2538.0078125,128,2.5687053627596783,0.625,Lichess,M
"Pulpan, Jakub",2565.457142857143,35,2.941030529182652,0.4857142857142857,Lichess,M
"Punin, Andrii",2546.760793465577,857,3.924115451071311,0.4912485414235706,Lichess,M
"Quesada Vera, Liordis",2589.1560062402496,641,3.3726094166438862,0.3432137285491419,Lichess,M
"Quiroga Jaquez, Angel Ivan",2431.3396226415093,265,1.4046817340001905,0.4150943396226415,Lichess,M
"Quizon, Daniel",2516.5576923076924,52,3.1212711173335363,0.7307692307692307,Lichess,M
"Raceanu, Valentin",2419.135135135135,37,2.8754114788594345,0.3783783783783784,Lichess,M
"Radlovacki, Jovan",2481.5113122171947,221,3.202716302741179,0.4117647058823529,Lichess,M
"Radzhabov, Rodion",2439.553191489362,94,3.446653083255386,0.5,Lichess,M
"Raicevic, Vladimir",2456.035337879727,1613,3.5590471899585445,0.3775573465592065,Lichess,M
"Rakhmanov, Aleksandr",2738.4753086419755,162,2.3129286258581505,0.5432098765432098,Lichess,M
"Ramezani, Mahan",2467.546391752577,97,3.057221756194302,0.5360824742268041,Lichess,M
"Ramirez Medina, Victor",2463.2164634146343,1640,4.61989124156889,0.3676829268292683,Lichess,M
"Rastbod, Ali",2465.777777777778,18,2.274240930731769,0.2777777777777778,Lichess,M
"Ratkovic, Miloje",2611.750679347826,1472,4.429524858037,0.4273097826086957,Lichess,M
"Ratkovic, Milovan",2565.2424412094065,1786,4.30787626593106,0.4837625979843225,Lichess,M
"Ravot, Sylvain",2269.4666666666667,15,2.615630577027551,0.4666666666666667,Lichess,M
"Redzisz, Michal",2260.0,11,1.8937882323911377,0.3636363636363636,Lichess,M
"Reshetnikov, Alexey",2595.679347826087,184,4.491383808277062,0.4021739130434782,Lichess,M
"Rios Parra, Alejandro",2397.920792079208,101,3.6291718194725058,0.5544554455445545,Lichess,M
Robin Dragomirescu,2448.818181818182,33,2.8158292174097808,0.4242424242424242,Lichess,M
"Rodchenkov, Vitaly",2447.922048997773,449,3.7665455059338,0.4164810690423162,Lichess,M
"Rodrigue-Lemieux, Shawn",2458.409523809524,105,3.671250949735607,0.3142857142857143,Lichess,M
"Rodrigues, Edgar",2419.904761904762,147,3.4183943568820645,0.4897959183673469,Lichess,M
"Rodriguez Hernandez, Luis Daniel",2420.242016806723,595,3.772495231734891,0.4974789915966386,Lichess,M
"Rogic, Davor",2555.0258620689656,116,3.821001741305364,0.4051724137931034,Lichess,M
"Rosen, Eric",2488.006993006993,143,2.8796097170057435,0.4195804195804196,Lichess,M
"Roshka, Yevgeniy",2606.4074074074074,81,3.0382611019816084,0.4691358024691358,Lichess,M
"Rosner, Jonas",2423.8125,16,1.9770061729088613,0.0625,Lichess,M
"Ruge, Edison",2307.5,24,2.4631046437978115,0.4583333333333333,Lichess,M
"Ruperez Benito, Antonio",2502.454545454545,55,3.08741700070663,0.6363636363636364,Lichess,M
"Rychagov, Andrey",2549.6428571428573,14,2.3046193848206715,0.3571428571428571,Lichess,M
"Rzayev, Bahruz",2503.378048780488,246,3.79096167550073,0.540650406504065,Lichess,M
"Sadykov, Ramil",2474.333333333333,180,3.635546176265143,0.5333333333333333,Lichess,M
"Sahidi, Samir",2579.7244582043345,323,4.262618974569714,0.3808049535603715,Lichess,M
Sai Agni Jeevitesh J,2521.619469026549,113,2.329282161034368,0.168141592920354,Lichess,M
"Sambuev, Bator",2667.8493297587133,1865,4.382417743863967,0.457372654155496,Lichess,M
"Sanal, Vahap",2392.8125,16,2.252728336819822,0.625,Lichess,M
"Sanikidze, Tornike",2669.243243243244,407,4.190991651992816,0.5085995085995086,Lichess,M
"Santagati, Alessandro",2373.8867924528304,53,2.788819975358203,0.5094339622641509,Lichess,M
"Sapunov, Evgeny",2606.133676092545,389,3.531932118908597,0.3239074550128534,Lichess,M
"Saraci, Nderim",2660.873076923077,260,3.733075208380509,0.4884615384615384,Lichess,M
"Saric, Ante",2578.76,75,2.9999794488159006,0.4933333333333333,Lichess,M
"Saric, Ivan",2794.7305502846298,527,4.143568454038215,0.3472485768500948,Lichess,M
"Sariego Figueredo, Wilfredo",2466.9430241051864,1369,1.9939083663725732,0.8173849525200877,Lichess,M
"Satyapragyan, Swayangsu",2483.3783783783783,74,3.3303314939156152,0.3378378378378378,Lichess,M
"Savchenko, Boris",2517.764705882353,17,2.670119889806817,0.4117647058823529,Lichess,M
"Saya, Ethan",2412.7637540453075,309,3.3883361991182466,0.511326860841424,Lichess,M
"Schekachikhin, Maksim",2533.7408163265304,490,4.014598968061572,0.3224489795918367,Lichess,M
"Schippers, Maurice",2528.1377245508984,501,3.8354301468176297,0.4471057884231537,Lichess,M
"Schitco, Ivan",2558.003021148036,331,4.079322376475734,0.3595166163141994,Lichess,M
"Schmakel, Sam",2501.6161616161617,99,2.933813397075788,0.7171717171717171,Lichess,M
"Schnaider, Ilan",2296.7272727272725,44,3.149886513632545,0.3863636363636363,Lichess,M
"Schuh, Dirk",2507.939603106126,1159,3.360204572681966,0.4124245038826574,Lichess,M
"Schut, Han",2270.3636363636365,11,1.9722469794234416,0.7272727272727273,Lichess,M
"Sebenik, Matej",2540.134887593672,1201,4.843176971810882,0.4079933388842631,Lichess,M
"Sedlak, Nikola",2554.682926829268,41,2.719008627193328,0.2439024390243902,Lichess,M
"Segarra, Randy",2507.29945799458,738,4.204186361866482,0.470189701897019,Lichess,M
"Servat, Roberto",2507.3215507411637,2631,4.155486565848652,0.4283542379323451,Lichess,M
"Setyaki, Azarya Jodi",2504.0826446280994,121,3.3599888982691746,0.5371900826446281,Lichess,M
"Sevdimaliyev, Urfan",2377.7272727272725,55,2.810483675125073,0.5454545454545454,Lichess,M
"Sevgi, Volkan",2556.5597826086955,184,3.115039544993545,0.5489130434782609,Lichess,M
"Sevostianov, Pavel",2367.6129032258063,31,3.0871950491506843,0.4838709677419355,Lichess,M
"Sevostianov, Vladimir",2387.6112084063047,571,4.45888239941452,0.4640980735551663,Lichess,M
"Sezdbekov, Ruslan",2489.9411764705883,34,2.7596247523594246,0.4117647058823529,Lichess,M
"Shagbazyan, Taron",2636.5811320754715,265,4.145638903441101,0.3735849056603773,Lichess,M
"Shahinyan, David",2573.6363636363635,11,1.9722469794234416,0.5454545454545454,Lichess,M
"Shamatava, Ana",2429.4615384615386,13,2.351673301904631,0.6153846153846154,Lichess,F
"Shankovskyi, Andrii",2462.6456953642382,302,3.251339234040614,0.5165562913907285,Lichess,M
"Sharafiev, Azat",2385.3125,16,2.772588722239781,0.3125,Lichess,M
"Sharankov, Grigory",2464.021739130435,138,3.3697143209819127,0.2608695652173913,Lichess,M
Shawn Martinez,2337.0416666666665,48,2.4236955304738257,0.4583333333333333,Lichess,M
"Shchukin, Dmitry",2506.1572398190046,6188,3.390923618777524,0.6380090497737556,Lichess,M
"Shevchenko, Danylo",2399.721886336155,827,2.6525864828943746,0.5272067714631197,Lichess,M
"Shevchenko, Kirill",2709.6011904761904,168,3.814938182003481,0.4880952380952381,Lichess,M
"Shevelev, Dmitri",2393.0,17,1.7233917060220525,0.2941176470588235,Lichess,M
"Shimanov, Aleksandr",2713.669902912621,309,4.280786957108513,0.3592233009708738,Lichess,M
"Shirazi, Kamran",2457.3345588235293,272,2.833069498352585,0.4816176470588235,Lichess,M
"Shkapenko, Pavel",2596.655982905983,468,2.427586451575766,0.4807692307692308,Lichess,M
"Shoker, Samy",2539.5272727272727,110,3.191233256887089,0.2272727272727272,Lichess,M
"Shuvalova, Polina",2463.698630136986,73,3.5020229207202016,0.3698630136986301,Lichess,F
"Shymanskyi, Oleksandr",2427.613300492611,406,1.1465275930212515,0.8448275862068966,Lichess,M
"Sielecki, Christof",2495.8338028169014,355,3.902771958507087,0.3830985915492957,Lichess,M
"Silich, Yahor",2400.8217821782177,101,3.1590430734023025,0.4554455445544554,Lichess,M
"Silva Lucena, Cristian",2431.3216783216785,143,3.719156275638179,0.5034965034965035,Lichess,M
"Silva, Luca",2412.020618556701,97,3.679104689720693,0.2886597938144329,Lichess,M
"Simonian, Hrair",2599.465909090909,88,2.8803558364777007,0.4090909090909091,Lichess,M
"Singh, Arvinder Preet",2333.204379562044,137,3.628740980854261,0.5401459854014599,Lichess,M
"Siniauski, Artsiom",2353.368421052632,19,2.7255503958317213,0.3684210526315789,Lichess,M
"Sirosh, Ilja",2478.4958519463944,1567,4.579702429556809,0.3407785577536694,Lichess,M
"Sjugirov, Sanan",2611.333333333333,21,2.5575077390756227,0.3809523809523809,Lichess,M
"Skliarov, Viktor",2538.7361111111118,72,2.7324068207607497,0.4305555555555556,Lichess,M
"Skrondal, Inge Sandstad",2396.6428571428573,140,3.4985949873588105,0.3357142857142857,Lichess,M
"Slizhevsky, Alexander",2460.462365591398,372,3.9579658998180087,0.5403225806451613,Lichess,M
"Sokolov, Andrei",2582.116138763198,663,4.253745011693996,0.3318250377073906,Lichess,M
"Solano Cuya, Bryan",2473.072796934866,261,3.5050424355594894,0.4521072796934866,Lichess,M
"Solberg, Joachim",2442.064935064935,77,3.4358004261364803,0.5974025974025974,Lichess,M
"Solodovnichenko, Yuri",2569.842105263158,190,3.6733296882874495,0.5473684210526316,Lichess,M
"Solonar, Stefan",2403.214285714286,14,1.8288411561741995,0.2857142857142857,Lichess,M
"Sorensen, Hampus",2439.0731707317077,82,3.6118053809302095,0.4756097560975609,Lichess,M
"Soukup, Jiri",2364.6901408450703,71,3.6038586778983257,0.4788732394366197,Lichess,M
"Souleidis, Georgios",2433.609756097561,41,2.372920180382557,0.5121951219512195,Lichess,M
"Soysal, Serkan",2581.460784313725,510,4.070757421814579,0.396078431372549,Lichess,M
"Spata, German",2463.564417177914,163,3.7234536407473695,0.4233128834355828,Lichess,M
"Spichkin, Alexander",2294.6383363471973,1106,2.0415146717313832,0.6708860759493671,Lichess,M
"Spitzl, Vinzent",2439.112359550562,89,3.2740854077936965,0.5842696629213483,Lichess,M
"Srbis, Jurica",2539.4471264367817,3480,4.2853474897547486,0.4551724137931034,Lichess,M
Srihari L R,2365.695652173913,23,2.362439688679286,0.4782608695652174,Lichess,M
"Stalmach, Richard",2323.936507936508,63,3.0759772266715344,0.4761904761904761,Lichess,M
"Starozhilov, Leonid",2558.550724637681,69,3.418819603227223,0.3768115942028985,Lichess,M
"Stelmaszyk, Nico",2401.9021739130435,184,2.8360950774735247,0.7010869565217391,Lichess,M
"Storme, Isak",2425.7631578947367,38,3.3092532847243072,0.3947368421052631,Lichess,M
"Strikovic, Aleksa",2642.8440065681443,3045,3.1915858411740614,0.2922824302134647,Lichess,M
"Sturt, Raven",2482.459203036053,527,4.582274771407073,0.4497153700189753,Lichess,M
"Sukovic, Andrej",2367.583333333333,24,2.5568271679009458,0.5416666666666666,Lichess,M
"Sulashvili, Malkhaz",2545.9007633587785,131,3.394959644259582,0.2290076335877862,Lichess,M
"Svane, Frederik",2507.1317829457366,258,4.2006762221817056,0.4108527131782946,Lichess,M
"Svane, Rasmus",2689.4925595238096,672,4.368064111395973,0.4151785714285714,Lichess,M
"Sychev, Klementy",2691.4745762711864,59,3.048990734033836,0.3898305084745763,Lichess,M
"Sydoryka, Vladyslav",2438.0393700787404,127,2.6518774911451453,0.0708661417322834,Lichess,M
"Syrov, Arkadi",2389.681818181818,176,3.91542031491606,0.4659090909090909,Lichess,M
"Taher, Yoseph Theolifus",2578.6470588235293,34,3.194778025818136,0.4411764705882353,Lichess,M
"Tay, Junior",2446.2960969044416,743,3.302146345837547,0.5275908479138627,Lichess,M
"Tekeyev, Zaur",2620.6451923076925,1040,4.632361855376338,0.4307692307692308,Lichess,M
"Ter-Saakian, Grigorii",2423.3970588235293,68,2.7144737612778744,0.4117647058823529,Lichess,M
"Ter-Sahakyan, Samvel",2613.516129032258,31,3.0871950491506843,0.3548387096774194,Lichess,M
"Terletsky, Oleg",2385.843137254902,51,2.819688849547802,0.2745098039215686,Lichess,M
"Tesic, Dragan",2414.4166666666665,36,3.1163249828002093,0.4166666666666667,Lichess,M
The Sunshine,2395.612188365651,361,3.6819307911343855,0.4570637119113573,Lichess,F
"Thorfinnsson, Bjorn",2450.057142857143,35,1.531502601706064,0.8,Lichess,M
Tien Nguyen,2441.6153846153848,13,1.4105135571148382,0.0,Lichess,M
"Tilicheev, Viacheslav",2558.5866666666666,225,4.096730966349794,0.4888888888888889,Lichess,M
"Timagin, Petr",2429.5135135135133,37,3.2312856509855044,0.4054054054054054,Lichess,M
"Tissir, Mohamed",2441.768240343348,233,2.93289478861377,0.4806866952789699,Lichess,M
"To, Nhat Minh",2538.5714285714284,63,3.6770259466656072,0.5079365079365079,Lichess,M
"Todorov, Todor",2497.746031746032,252,3.848959141151018,0.4722222222222222,Lichess,M
"Tomb, Maroun",2457.826470588235,1020,4.555486423732685,0.4294117647058823,Lichess,M
"Toniutti, Ezio",2386.896551724138,29,2.775613744565672,0.3103448275862069,Lichess,M
Tran Thanh Tu,2507.742105263158,190,3.023472205834616,0.2368421052631578,Lichess,M
"Triapishko, Alexandr",2669.71186440678,118,3.758743454940588,0.3983050847457627,Lichess,M
"Trifonov, Denis",2427.0890518596125,1909,4.069674498039481,0.5825039287585123,Lichess,M
"Trkulja, Goran",2370.2285714285717,70,3.4030133431895115,0.6714285714285714,Lichess,M
"Trushelyov, Victor",2428.9,20,2.0126926438092823,0.5,Lichess,M
"Tukhaev, Adam",2550.0891719745223,157,3.6572807973492822,0.5732484076433121,Lichess,M
"Turgut, Tansel",2424.285714285714,133,2.321080784127681,0.4285714285714285,Lichess,M
"Turincio Garcia, Sergio",2331.259259259259,27,3.051700801855861,0.3703703703703703,Lichess,M
"Turqueza, Mari Joseph",2466.4603174603176,189,4.040185776573672,0.2698412698412698,Lichess,M
"Ulanov, Alexandr",2610.342105263158,38,3.035285949414372,0.2105263157894736,Lichess,M
"Umarov, Sabir",2278.153846153846,13,2.031759218569271,0.3846153846153846,Lichess,M
"Unuk, Laura",2385.373134328358,67,3.605955157628254,0.373134328358209,Lichess,F
"Urazayev, Arystanbek",2569.032786885246,61,3.3537618063643624,0.4590163934426229,Lichess,M
"Urbina, Ricardo",2370.2,10,1.834371970281624,0.5,Lichess,M
"Ustinov, Alexey",2376.0,33,2.5088873032938808,0.2121212121212121,Lichess,M
"Uzcategui Rodriguez, Alejandro",2402.2388059701493,67,3.264352053272186,0.5522388059701493,Lichess,M
"Vachylia, Andrii",2400.28125,32,3.335770806444736,0.5,Lichess,M
"Vajda, Levente",2456.8356164383563,73,2.2044935448491807,0.589041095890411,Lichess,M
"Vajic, Goran",2469.527696793003,343,2.358460538696531,0.5918367346938775,Lichess,M
"Vakhania, Aleksandra",2296.6875,16,1.9770061729088613,0.3125,Lichess,F
"Vallejo Pons, Francisco",2718.811403508772,228,4.21800506587092,0.4122807017543859,Lichess,M
"Van Dael, Siem",2371.805555555556,36,2.85428376270881,0.3611111111111111,Lichess,M
"Van Roon, Sjoerd",2322.657142857143,35,2.916372065829642,0.4857142857142857,Lichess,M
"Van de Mortel, Jan",2475.9166666666665,12,2.094729047527649,0.4166666666666667,Lichess,M
"Varacalli, Francisco",2405.5875,80,3.64245378648818,0.4625,Lichess,M
"Vargas Arteaga, Alexis",2453.250255362615,979,3.897470217981247,0.5873340143003064,Lichess,M
"Vastrukhin, Oleg",2619.535135135135,185,2.6567256778584527,0.5837837837837838,Lichess,M
"Vazquez, Guillermo",2656.5662650602408,83,3.717908804895376,0.3253012048192771,Lichess,M
"Velten, Paul",2656.9682715074982,6335,4.071965052340027,0.4730860299921073,Lichess,M
"Vibbert, Sean",2475.651162790697,516,3.665748152007304,0.4728682170542636,Lichess,M
"Vidonyak, Roman",2448.450331125828,302,3.4425008613831203,0.4139072847682119,Lichess,M
"Villegas, Franco",2386.549019607843,51,3.4389482097766435,0.4705882352941176,Lichess,M
"Viviani, Alessio",2390.220606060606,825,4.005970644955631,0.4436363636363636,Lichess,M
"Vlasenko, Alexey",2397.074626865672,67,3.829517267594969,0.4328358208955223,Lichess,M
"Vocaturo, Daniele",2532.2727272727275,22,0.5481178804418445,0.1363636363636363,Lichess,M
"Voinikonis, Nikita",2466.3817567567567,296,4.508616918883185,0.4932432432432432,Lichess,M
"Volkov, Nika",2511.825,40,2.609915072491677,0.1,Lichess,M
"Volovich, Vasily",2535.8837209302324,258,3.1999978992409783,0.6124031007751938,Lichess,M
"Voyska, Margarita",2335.3,20,2.6923109941417858,0.4,Lichess,F
"Vukcevic, Nemanja",2381.015748031496,127,3.805590941975199,0.4645669291338583,Lichess,M
"Vypkhaniuk, Ihor",2497.719246031746,1008,4.390611422709943,0.3799603174603174,Lichess,M
"Vysochin, Spartak",2648.9411764705883,204,2.770105778958352,0.4264705882352941,Lichess,M
"Wang, Kevin",2506.598639455782,147,3.972480891709376,0.4013605442176871,Lichess,M
"Wieczorek, Oskar",2562.560975609756,123,3.1719024409571217,0.3658536585365853,Lichess,M
"Winter Atwell, Adrian",2310.583333333333,24,2.499064902854284,0.5833333333333334,Lichess,M
"Wisniacki, Flavio",2389.1495901639346,3416,3.3666502118144503,0.3650468384074941,Lichess,M
Wong Yinn Long,2459.2,25,2.71980985486504,0.4,Lichess,M
"Wu, Derek",2410.3214285714284,28,2.9174329732922164,0.5714285714285714,Lichess,M
"Yakimova, Mariya",2382.255319148936,47,2.8654228988988897,0.3829787234042553,Lichess,F
"Yakubboev, Nodirbek",2625.285714285714,63,3.31192060391976,0.5079365079365079,Lichess,M
"Yanchenko, Roman",2556.5,16,2.685945324669788,0.5,Lichess,M
"Yap, Kim Steven",2434.1363636363635,22,2.074489732990498,0.5,Lichess,M
"Yashmetov, Mikhail",2540.625,24,2.982965029217771,0.25,Lichess,M
"Yeke, Serkan",2386.515625,64,3.4275501274864,0.46875,Lichess,M
"Yeletsky, Ivan",2681.451094890511,685,4.62164885297767,0.4145985401459854,Lichess,M
"Yelisieiev, Yevhenii",2476.433121019108,157,3.415061106852668,0.2356687898089172,Lichess,M
"Yuffa, Daniil",2674.6605504587155,545,4.44619516880369,0.3981651376146789,Lichess,M
"Yurtseven, Melih",2478.6960784313724,102,3.402076028285164,0.5784313725490197,Lichess,M
"Zahedifar, Anahita",2350.266666666667,15,2.395908119293929,0.2666666666666666,Lichess,F
"Zakhartsov, Vladimir",2570.4574468085107,94,3.6949455602280574,0.3617021276595745,Lichess,M
"Zamorano, Jorge",2626.64039408867,203,4.2655870629118935,0.438423645320197,Lichess,M
"Zarnicki, Pablo",2475.233009708738,103,3.847409899942657,0.3495145631067961,Lichess,M
"Zarubitski, Viachaslau",2464.1176470588234,17,2.588573162682118,0.4705882352941176,Lichess,M
"Zelbel, Patrick",2587.1674641148325,209,3.431233771347818,0.6555023923444976,Lichess,M
"Zhalmakhanov, Ramazan",2550.9692307692308,65,3.4701593316846666,0.4923076923076923,Lichess,M
"Zhigalko, Sergei",2770.23670212766,376,3.1273480476676068,0.3563829787234042,Lichess,M
"Zhunussov, Bibek",2280.5,12,2.253857589601352,0.4166666666666667,Lichess,M
"Zierk, Steven",2625.822222222222,90,3.3695876045228426,0.4,Lichess,M
"Zimmermann, Julian",2391.930555555556,288,3.7540288302599274,0.4097222222222222,Lichess,M
"Zivkovic, Nemanja",2442.554166666667,240,4.057285709805689,0.3958333333333333,Lichess,M
"Zografos, Achilleas",2306.382075471698,212,3.3844421303780066,0.4811320754716981,Lichess,M
"Zubritskiy, Artyom",2653.5949367088606,474,3.694464697885752,0.2827004219409282,Lichess,M
"Zuluaga Mancilla, Cesar",2396.9036144578317,166,2.6046165953123115,0.1506024096385542,Lichess,M
"Zwirs, Nico",2527.8507326007325,1092,4.736572258735013,0.4798534798534798,Lichess,M
